-- phpMyAdmin SQL Dump
-- version 5.2.2
-- https://www.phpmyadmin.net/
--
-- Host: localhost:3306
-- Generation Time: Jun 20, 2025 at 01:38 AM
-- Server version: 8.4.3
-- PHP Version: 8.3.16

SET SQL_MODE = "NO_AUTO_VALUE_ON_ZERO";
START TRANSACTION;
SET time_zone = "+00:00";


/*!40101 SET @OLD_CHARACTER_SET_CLIENT=@@CHARACTER_SET_CLIENT */;
/*!40101 SET @OLD_CHARACTER_SET_RESULTS=@@CHARACTER_SET_RESULTS */;
/*!40101 SET @OLD_COLLATION_CONNECTION=@@COLLATION_CONNECTION */;
/*!40101 SET NAMES utf8mb4 */;

--
-- Database: `db_lscc`
--

-- --------------------------------------------------------

--
-- Table structure for table `dosen`
--

CREATE TABLE `dosen` (
  `id` int NOT NULL,
  `id_user` int DEFAULT NULL,
  `nidn` varchar(20) NOT NULL,
  `nama` varchar(100) NOT NULL,
  `jabatan` varchar(100) NOT NULL,
  `foto` text,
  `no_wa` varchar(20) DEFAULT NULL,
  `instagram` varchar(30) DEFAULT NULL,
  `created_at` timestamp NULL DEFAULT CURRENT_TIMESTAMP,
  `updated_at` timestamp NULL DEFAULT CURRENT_TIMESTAMP ON UPDATE CURRENT_TIMESTAMP
) ENGINE=InnoDB DEFAULT CHARSET=utf8mb4 COLLATE=utf8mb4_0900_ai_ci;

--
-- Dumping data for table `dosen`
--

INSERT INTO `dosen` (`id`, `id_user`, `nidn`, `nama`, `jabatan`, `foto`, `no_wa`, `instagram`, `created_at`, `updated_at`) VALUES
(1, 464, '20001', 'Farizal Marzuki, Sos., M.A.', 'Kepala Kampus', '', '6281510439977', 'teuku_farizal', '2025-05-05 01:07:45', '2025-05-05 02:27:19'),
(2, 465, '20002', 'Imelda Maulidina, S.Ak.', 'Kepala Bidang Pemasaran', '', '6283819973387', 'imelda.mld', '2025-05-05 01:07:45', '2025-05-05 02:27:25'),
(3, 466, '20003', 'Nurul Hidayah, S.Ak.', 'Kepala Bidang Keuangan', '', '628981525780', 'nurulhidayah2506', '2025-05-05 01:07:45', '2025-05-05 02:27:32'),
(4, 467, '20004', 'Nova Nila Krisna Nasution, S.E., M.M.', 'Kepala Bidang Akademik', '', '6281282006079', 'nilakrisna', '2025-05-05 01:07:45', '2025-05-05 02:27:38'),
(5, 468, '20005', 'Anggara Setiawan, S.M.', 'Kepala Bidang Penempatan Kerja', '', '6281298861965', 'setiawan_anggara', '2025-05-05 01:07:45', '2025-05-05 02:27:44'),
(6, 469, '20006', 'Metya Lutviani, S.E., M.Si.', 'Kepala Program Studi Administrasi Bisnis', '', '6281397148356', 'metyalutviani', '2025-05-05 01:07:45', '2025-05-05 02:27:51'),
(7, 470, '20007', 'Nasril, S.Kom., M.M.', 'Kepala Progam Studi Manajemen Informatika', '', '6281294502422', 'nasril477', '2025-05-05 01:07:45', '2025-05-05 02:27:58'),
(8, 471, '20008', 'Dra. Faridah, M.M.', 'Dosen & Konselor', '', '6289672929571', 'idaf4200', '2025-05-05 01:07:45', '2025-05-05 02:28:04'),
(9, 472, '20009', 'Nika Sintesa, M.Pd., M.M.', 'Dosen & Konselor', '', '6282125622277', 'nikasintesa', '2025-05-05 01:07:46', '2025-05-05 02:28:11'),
(10, 473, '20010', 'Arifin Setiabudi, S.Kom., M.M.', 'Dosen & Konselor', '', '6281297991818', 'arifinsb', '2025-05-05 01:07:46', '2025-05-05 02:28:18'),
(11, 474, '20011', 'Yunita Indriyani, S.Sos., M.A.', 'Dosen & Konselor', '', '6281253536878', 'yunita_inga', '2025-05-05 01:07:46', '2025-05-05 02:28:25'),
(12, 475, '20012', 'Dwi Indri Setno Putri, M.M.', 'Dosen & Konselor', '', '6281288864136', '', '2025-05-05 01:07:46', '2025-05-05 02:28:32'),
(13, 476, '20013', 'Ir. Asep Chandra Hidayat, M.A.', 'Dosen & Konselor', '', '6285156470489', 'asepcandrahidayat', '2025-05-05 01:07:46', '2025-05-05 02:28:37'),
(14, 477, '20014', 'Dwi Handayani, S.Pd.', 'Konselor', '', '6285155308996', 'itsmedwihanda', '2025-05-05 01:07:46', '2025-05-05 02:28:44'),
(15, 478, '20015', 'Agnesia Rahmawati, S.E.', 'Konselor', '', '6289606559921', 'agnes_rchmay', '2025-05-05 01:07:46', '2025-05-05 02:28:50'),
(16, 479, '20016', 'R. Windu Soekoco, S.E.', 'Konselor', '', '6281287338409', 'arie_soekotjo', '2025-05-05 01:07:46', '2025-05-05 02:28:54'),
(19, 480, '20017', 'Dimas Adhitya, A.md.Kom', 'Developer', '', '6283806875311', 'dimss_ady', '2025-06-19 17:25:41', '2025-06-19 17:32:27');

-- --------------------------------------------------------

--
-- Table structure for table `kategori`
--

CREATE TABLE `kategori` (
  `id` int NOT NULL,
  `kategori` varchar(50) NOT NULL,
  `created_at` timestamp NULL DEFAULT CURRENT_TIMESTAMP,
  `updated_at` timestamp NULL DEFAULT CURRENT_TIMESTAMP ON UPDATE CURRENT_TIMESTAMP
) ENGINE=InnoDB DEFAULT CHARSET=utf8mb4 COLLATE=utf8mb4_0900_ai_ci;

--
-- Dumping data for table `kategori`
--

INSERT INTO `kategori` (`id`, `kategori`, `created_at`, `updated_at`) VALUES
(1, 'Dosen', '2025-05-05 01:33:04', '2025-05-05 01:33:04'),
(2, 'Fasilitas', '2025-05-05 01:33:04', '2025-05-05 01:33:04'),
(3, 'Keuangan', '2025-05-05 01:33:04', '2025-05-05 01:33:04'),
(4, 'Permasalahan keluarga', '2025-05-05 01:33:04', '2025-05-05 01:33:04'),
(5, 'Permasalahan Pertemanan', '2025-05-05 01:33:04', '2025-05-05 01:33:04'),
(6, 'Lainnya', '2025-05-05 01:33:04', '2025-05-05 01:33:04');

-- --------------------------------------------------------

--
-- Table structure for table `konsultasi`
--

CREATE TABLE `konsultasi` (
  `id` int NOT NULL,
  `id_mahasiswa` int DEFAULT NULL,
  `id_dosen` int DEFAULT NULL,
  `id_kategori` int DEFAULT NULL,
  `tanggal_konsultasi` date NOT NULL,
  `jam_mulai` time DEFAULT NULL,
  `jam_selesai` time DEFAULT NULL,
  `status` enum('proses','disetujui_dosen','ditolak_dosen','disetujui_admin','ditolak_admin','selesai','dibatalkan') NOT NULL,
  `keterangan` text,
  `updated_by` int DEFAULT NULL,
  `catatan` text,
  `solusi` text,
  `created_at` timestamp NULL DEFAULT CURRENT_TIMESTAMP,
  `updated_at` timestamp NULL DEFAULT CURRENT_TIMESTAMP ON UPDATE CURRENT_TIMESTAMP
) ENGINE=InnoDB DEFAULT CHARSET=utf8mb4 COLLATE=utf8mb4_0900_ai_ci;

--
-- Dumping data for table `konsultasi`
--

INSERT INTO `konsultasi` (`id`, `id_mahasiswa`, `id_dosen`, `id_kategori`, `tanggal_konsultasi`, `jam_mulai`, `jam_selesai`, `status`, `keterangan`, `updated_by`, `catatan`, `solusi`, `created_at`, `updated_at`) VALUES
(4, 447, 5, 1, '2025-05-05', '15:00:00', '16:00:00', 'selesai', 'bisa dilakukan sesuai jadwal', 467, 'Dosen jarang masuk dan tidak memberikan pembelajaran yg baik kepada mahasiswa semuanya', 'Pihak dosen akan di tegur oleh pihak kampus', '2025-05-04 21:09:10', '2025-05-06 13:15:39'),
(5, 447, 5, 3, '2025-05-06', '12:00:00', '13:00:00', 'ditolak_dosen', 'Tidak bisa karena ada rapat', 468, NULL, NULL, '2025-05-04 21:38:00', '2025-05-04 23:43:12'),
(6, 447, 5, 3, '2025-05-06', '13:00:00', '14:00:00', 'selesai', 'bisa dilakukan sesuai jadwal', 468, 'Tidak bisa membayar uang kuliah dikarenakan belum memiliki uang untuk bayaran', 'Kami akan bantu untuk memberitahu kepada divisi keuangan dan kamu coba untuk mengajukan pembayaran dibulan berikutnya atau disaat sudah memiliki uang untuk bayaran agar diberikan notes oleh divisi keuangan', '2025-05-04 21:47:08', '2025-05-06 13:15:05'),
(7, 461, 5, 2, '2025-05-08', '10:00:00', '11:00:00', 'selesai', 'bisa dilakukan sesuai jadwal', 468, 'AC Mati dilab california', 'Pihak kampus akan melakukan pengecekan dan perbaikan terhadap AC yg mati di lab california', '2025-05-04 23:57:35', '2025-05-06 13:15:15'),
(8, 461, 5, 1, '2025-06-06', '10:00:00', '11:00:00', 'ditolak_dosen', 'Mohon maaf tidak bisa dikarenakan ada acara lain', 468, NULL, NULL, '2025-05-05 00:01:14', '2025-05-05 00:02:03'),
(9, 447, 4, 2, '2025-05-06', '13:00:00', '14:00:00', 'selesai', 'bisa dilakukan sesuai jadwal', 467, 'Infokus rusak di ruang washington', 'Pihak kampus akan melakukan pengecekan dan perbaikan segera terhadap infokus di ruang washington', '2025-05-05 18:23:55', '2025-05-06 13:16:01'),
(10, 461, 13, 4, '2025-05-07', '12:00:00', '13:00:00', 'disetujui_admin', 'bisa dilakukan di jam 14:00:00', 1, NULL, NULL, '2025-05-06 07:46:27', '2025-05-06 07:50:56'),
(11, 447, 5, 1, '2025-05-09', '10:00:00', '11:00:00', 'dibatalkan', 'saya tidak jadi konsultasi', 448, NULL, NULL, '2025-05-08 08:03:53', '2025-05-08 08:15:58'),
(12, 447, 1, 2, '2025-05-09', '10:00:00', '11:00:00', 'selesai', 'bisa dilakukan sesuai jadwal', 1, 'Infokus kurang jelas dan kabel vga nya rusak', 'Pihak kampus akan melakukan pengecekan dan perbaikan apabila sudah rusak dan tidak bisa diperbaiki maka akan diganti menjadi yg baru', '2025-05-08 08:16:58', '2025-05-08 08:19:36'),
(13, 447, 4, 1, '2025-05-13', '10:00:00', '11:00:00', 'selesai', 'bisa dilakukan sesuai jadwal', 1, 'Dosen malas mengajar', 'Pihak dosen akan ditegur dan diberikan peringatan untuk lebih rajin dalam mengajar', '2025-05-09 07:30:09', '2025-05-09 07:39:01'),
(14, 447, 10, 1, '2025-06-20', '14:00:00', '15:00:00', 'selesai', 'baik dilakukan', 1, 'dosen jarang masuk', 'dosen akan ditegur oleh pihak akademik', '2025-06-19 18:29:45', '2025-06-19 18:36:11');

-- --------------------------------------------------------

--
-- Table structure for table `mahasiswa`
--

CREATE TABLE `mahasiswa` (
  `id` int NOT NULL,
  `id_user` int DEFAULT NULL,
  `nim` varchar(20) NOT NULL,
  `nama` varchar(255) NOT NULL,
  `id_prodi` int DEFAULT NULL,
  `created_at` timestamp NULL DEFAULT CURRENT_TIMESTAMP,
  `updated_at` timestamp NULL DEFAULT CURRENT_TIMESTAMP ON UPDATE CURRENT_TIMESTAMP
) ENGINE=InnoDB DEFAULT CHARSET=utf8mb4 COLLATE=utf8mb4_0900_ai_ci;

--
-- Dumping data for table `mahasiswa`
--

INSERT INTO `mahasiswa` (`id`, `id_user`, `nim`, `nama`, `id_prodi`, `created_at`, `updated_at`) VALUES
(1, 2, '240111180004', 'Abdul Rosyid', 1, '2025-05-05 01:30:24', '2025-05-05 01:30:24'),
(2, 3, '240111180008', 'Adel Lyra Annisa', 1, '2025-05-05 01:30:24', '2025-05-05 01:30:24'),
(3, 4, '240111180010', 'Aidil Firdan Janwar', 1, '2025-05-05 01:30:24', '2025-05-05 01:30:24'),
(4, 5, '240111180007', 'Ardia Irmawati Doko', 1, '2025-05-05 01:30:24', '2025-05-05 01:30:24'),
(5, 6, '240111180021', 'Destiana Maharani', 1, '2025-05-05 01:30:24', '2025-05-05 01:30:24'),
(6, 7, '240111180003', 'Hakan Alkayis', 1, '2025-05-05 01:30:24', '2025-05-05 01:30:24'),
(7, 8, '240111180006', 'Hanny Meifaturohva', 1, '2025-05-05 01:30:24', '2025-05-05 01:30:24'),
(8, 9, '240111180026', 'Lestari', 1, '2025-05-05 01:30:24', '2025-05-05 01:30:24'),
(9, 10, '240111180014', 'Linda Rosmawati', 1, '2025-05-05 01:30:24', '2025-05-05 01:30:24'),
(10, 11, '240111180022', 'M.ilyas', 1, '2025-05-05 01:30:24', '2025-05-05 01:30:24'),
(11, 12, '240111180027', 'M.Rafareallian Nurjaya', 1, '2025-05-05 01:30:24', '2025-05-05 01:30:24'),
(12, 13, '240111180015', 'Mira Lestari', 1, '2025-05-05 01:30:24', '2025-05-05 01:30:24'),
(13, 14, '240111180002', 'Mohammad Fachri Radhian', 1, '2025-05-05 01:30:24', '2025-05-05 01:30:24'),
(14, 15, '240111180025', 'Muhammad Adi Nugraha', 1, '2025-05-05 01:30:24', '2025-05-05 01:30:24'),
(15, 16, '240111180012', 'Nabila Naraya Ananditya', 1, '2025-05-05 01:30:24', '2025-05-05 01:30:24'),
(16, 17, '240111180011', 'Nayaka Idham Prasetia', 1, '2025-05-05 01:30:24', '2025-05-05 01:30:24'),
(17, 18, '240111180023', 'Reni Naisya Putri', 1, '2025-05-05 01:30:24', '2025-05-05 01:30:24'),
(18, 19, '240111180020', 'Rini Dwi Andriani', 1, '2025-05-05 01:30:24', '2025-05-05 01:30:24'),
(19, 20, '240111180019', 'Syariah', 1, '2025-05-05 01:30:24', '2025-05-05 01:30:24'),
(20, 21, '240111180001', 'Tamamul Fikri', 1, '2025-05-05 01:30:24', '2025-05-05 01:30:24'),
(21, 22, '240111180016', 'Yemima Ginting', 1, '2025-05-05 01:30:24', '2025-05-05 01:30:24'),
(22, 23, '240111180005', 'Zellyn Septiana Rohmah', 1, '2025-05-05 01:30:24', '2025-05-05 01:30:24'),
(23, 24, '230111180046', 'Hannan Hasby', 1, '2025-05-05 01:30:24', '2025-05-05 01:30:24'),
(24, 25, '240221180007', 'Annisa Amelia Putri', 6, '2025-05-05 01:30:24', '2025-05-05 01:30:24'),
(25, 26, '240221180003', 'Diandra Britania Kayla Putri', 6, '2025-05-05 01:30:24', '2025-05-05 01:30:24'),
(26, 27, '240221180012', 'Fadhlika Ramadhania', 6, '2025-05-05 01:30:24', '2025-05-05 01:30:24'),
(27, 28, '240221180006', 'Fadila Rachma Nurmala Dewi', 6, '2025-05-05 01:30:24', '2025-05-05 01:30:24'),
(28, 29, '240221180017', 'Fawwaz Mubarok Arrozi', 6, '2025-05-05 01:30:24', '2025-05-05 01:30:24'),
(29, 30, '240221180009', 'Hanjrah Puspito Utami', 6, '2025-05-05 01:30:24', '2025-05-05 01:30:24'),
(30, 31, '240221180004', 'Kaila Listiana', 6, '2025-05-05 01:30:24', '2025-05-05 01:30:24'),
(31, 32, '240221180008', 'Lestryani', 6, '2025-05-05 01:30:24', '2025-05-05 01:30:24'),
(32, 33, '240221180013', 'Muhamad Ilham Fadilah', 6, '2025-05-05 01:30:24', '2025-05-05 01:30:24'),
(33, 34, '240221180001', 'Murni Julianti', 6, '2025-05-05 01:30:24', '2025-05-05 01:30:24'),
(34, 35, '240221180010', 'Nailah Salsabila', 6, '2025-05-05 01:30:24', '2025-05-05 01:30:24'),
(35, 36, '240221180005', 'Nila Sisilia Rini', 6, '2025-05-05 01:30:24', '2025-05-05 01:30:24'),
(36, 37, '240221180015', 'Putra Ramadhani', 6, '2025-05-05 01:30:24', '2025-05-05 01:30:24'),
(37, 38, '240221180016', 'Putri Marina Indah Sapawi', 6, '2025-05-05 01:30:24', '2025-05-05 01:30:24'),
(38, 39, '240221180014', 'Regiska Adesma', 6, '2025-05-05 01:30:24', '2025-05-05 01:30:24'),
(39, 40, '240221180002', 'Sifa Paujiah', 6, '2025-05-05 01:30:24', '2025-05-05 01:30:24'),
(40, 41, '240331180011', 'Abyan Zaidan Falah', 5, '2025-05-05 01:30:24', '2025-05-05 01:30:24'),
(41, 42, '240331180006', 'Agustina Yesa Omega', 5, '2025-05-05 01:30:24', '2025-05-05 01:30:24'),
(42, 43, '240331180010', 'Alya Fatimah Nur Azizah', 5, '2025-05-05 01:30:24', '2025-05-05 01:30:24'),
(43, 44, '240331180017', 'Aulia Firda Hartanti', 5, '2025-05-05 01:30:24', '2025-05-05 01:30:24'),
(44, 45, '240331180014', 'Ayuninda Tri Anisa', 5, '2025-05-05 01:30:24', '2025-05-05 01:30:24'),
(45, 46, '240331180001', 'Bagas Nanda Anugrah', 5, '2025-05-05 01:30:24', '2025-05-05 01:30:24'),
(46, 47, '240331180005', 'Ihsaan Efendi Putra', 5, '2025-05-05 01:30:24', '2025-05-05 01:30:24'),
(47, 48, '240331180009', 'Isna Mulia Andini', 5, '2025-05-05 01:30:24', '2025-05-05 01:30:24'),
(48, 49, '240331180004', 'Lintang Anggraeni', 5, '2025-05-05 01:30:24', '2025-05-05 01:30:24'),
(49, 50, '240331180013', 'Marcya Devariani Zahra', 5, '2025-05-05 01:30:24', '2025-05-05 01:30:24'),
(50, 51, '240331180008', 'Meiriani Cahya Sumarna', 5, '2025-05-05 01:30:24', '2025-05-05 01:30:24'),
(51, 52, '240331180015', 'Nasywa Aliyah', 5, '2025-05-05 01:30:24', '2025-05-05 01:30:24'),
(52, 53, '240331180007', 'Nina Erlina', 5, '2025-05-05 01:30:24', '2025-05-05 01:30:24'),
(53, 54, '240331180012', 'Syifa Aulia Zulfa', 5, '2025-05-05 01:30:24', '2025-05-05 01:30:24'),
(54, 55, '230331180003', 'Dzaky Haidar', 5, '2025-05-05 01:30:24', '2025-05-05 01:30:24'),
(55, 56, '240444180008', 'Ani Marfuah Ramadhani', 7, '2025-05-05 01:30:24', '2025-05-05 01:30:24'),
(56, 57, '240444180006', 'Ardianto Randa', 7, '2025-05-05 01:30:24', '2025-05-05 01:30:24'),
(57, 58, '240444180005', 'Auliya Dhava Wima', 7, '2025-05-05 01:30:24', '2025-05-05 01:30:24'),
(58, 59, '240444180001', 'Erik Andika Bagaskara', 7, '2025-05-05 01:30:24', '2025-05-05 01:30:24'),
(59, 60, '240444180007', 'Fadli Willyandana', 7, '2025-05-05 01:30:24', '2025-05-05 01:30:24'),
(60, 61, '240444180016', 'Hadi Achsan Ardiyanto', 7, '2025-05-05 01:30:24', '2025-05-05 01:30:24'),
(61, 62, '240444180013', 'Huda Ahmad Ghifari', 7, '2025-05-05 01:30:24', '2025-05-05 01:30:24'),
(62, 63, '240444180002', 'Muammar Nazma Zamzami', 7, '2025-05-05 01:30:24', '2025-05-05 01:30:24'),
(63, 64, '240444180015', 'Muhamad Farid', 7, '2025-05-05 01:30:24', '2025-05-05 01:30:24'),
(64, 65, '240444180009', 'Muhammad Naufal Al Maraghi', 7, '2025-05-05 01:30:24', '2025-05-05 01:30:24'),
(65, 66, '240444180011', 'Raka Muhammad Naufal', 7, '2025-05-05 01:30:24', '2025-05-05 01:30:24'),
(66, 67, '240444180017', 'Siti Zahra Dyandra', 7, '2025-05-05 01:30:24', '2025-05-05 01:30:24'),
(67, 68, '240444180014', 'Sophian Marco Butar Butar', 7, '2025-05-05 01:30:24', '2025-05-05 01:30:24'),
(68, 69, '240444180003', 'Subhan Faqih Aminulloh', 7, '2025-05-05 01:30:24', '2025-05-05 01:30:24'),
(69, 70, '240551180008', 'Ananda Alicia Sayyidah', 3, '2025-05-05 01:30:24', '2025-05-05 01:30:24'),
(70, 71, '240551180037', 'Andika Yudistira', 3, '2025-05-05 01:30:24', '2025-05-05 01:30:24'),
(71, 72, '240551180044', 'Arief Maulana Yusuf', 3, '2025-05-05 01:30:24', '2025-05-05 01:30:24'),
(72, 73, '240551180035', 'Bayu Nugraha', 3, '2025-05-05 01:30:24', '2025-05-05 01:30:24'),
(73, 74, '240551180020', 'Bunga Adelia Puspitasari', 3, '2025-05-05 01:30:24', '2025-05-05 01:30:24'),
(74, 75, '240551180047', 'Camilla Nafisa Rafa', 3, '2025-05-05 01:30:24', '2025-05-05 01:30:24'),
(75, 76, '240551180042', 'Diana Fahdah Rahma', 3, '2025-05-05 01:30:24', '2025-05-05 01:30:24'),
(76, 77, '240551180002', 'Dwi Arief Saputro', 3, '2025-05-05 01:30:24', '2025-05-05 01:30:24'),
(77, 78, '240551180009', 'Galang Dimasyqi Sigharobbi', 3, '2025-05-05 01:30:24', '2025-05-05 01:30:24'),
(78, 79, '240551180012', 'Jihan Revaline Putri Triesty', 3, '2025-05-05 01:30:24', '2025-05-05 01:30:24'),
(79, 80, '240551180005', 'Khory Indah Permatasari', 3, '2025-05-05 01:30:24', '2025-05-05 01:30:24'),
(80, 81, '240551180059', 'Lina Sri Rahmawati', 3, '2025-05-05 01:30:24', '2025-05-05 01:30:24'),
(81, 82, '240551180051', 'Listi Juwanda Sari', 3, '2025-05-05 01:30:24', '2025-05-05 01:30:24'),
(82, 83, '240551180050', 'Nadila Sukmaningsih', 3, '2025-05-05 01:30:24', '2025-05-05 01:30:24'),
(83, 84, '240551180056', 'Olivia Nurhasanah', 3, '2025-05-05 01:30:24', '2025-05-05 01:30:24'),
(84, 85, '240551180054', 'Rahma Aulia Fitri', 3, '2025-05-05 01:30:24', '2025-05-05 01:30:24'),
(85, 86, '240551180017', 'Raihan Febrian', 3, '2025-05-05 01:30:24', '2025-05-05 01:30:24'),
(86, 87, '240551180024', 'Ria Utami', 3, '2025-05-05 01:30:24', '2025-05-05 01:30:24'),
(87, 88, '240551180032', 'Rika Febriyanti', 3, '2025-05-05 01:30:24', '2025-05-05 01:30:24'),
(88, 89, '240551180043', 'Safira Putri Azizah', 3, '2025-05-05 01:30:24', '2025-05-05 01:30:24'),
(89, 90, '240551180033', 'Salafiah Shaidah', 3, '2025-05-05 01:30:24', '2025-05-05 01:30:24'),
(90, 91, '240551180045', 'Salman Haqmal Apriansyah', 3, '2025-05-05 01:30:24', '2025-05-05 01:30:24'),
(91, 92, '240551180053', 'Salsabila Putri Pratiwi', 3, '2025-05-05 01:30:24', '2025-05-05 01:30:24'),
(92, 93, '240551180019', 'Shafa Az Zahra', 3, '2025-05-05 01:30:24', '2025-05-05 01:30:24'),
(93, 94, '240551180036', 'Sherren Charleena', 3, '2025-05-05 01:30:24', '2025-05-05 01:30:24'),
(94, 95, '240551180052', 'Windu Al Zikra', 3, '2025-05-05 01:30:24', '2025-05-05 01:30:24'),
(95, 96, '240551180006', 'Yuanti Anindya Daniswari', 3, '2025-05-05 01:30:24', '2025-05-05 01:30:24'),
(96, 97, '240551180018', 'Ahmad Samlawi', 2, '2025-05-05 01:30:24', '2025-05-05 01:30:24'),
(97, 98, '240551180027', 'Aisyah Syawalinda', 2, '2025-05-05 01:30:24', '2025-05-05 01:30:24'),
(98, 99, '240551180015', 'Alivia Matania Ningsih', 2, '2025-05-05 01:30:24', '2025-05-05 01:30:24'),
(99, 100, '240551180040', 'Amelia Safitri Ramadhoni', 2, '2025-05-05 01:30:24', '2025-05-05 01:30:24'),
(100, 101, '240551180021', 'Arie Pratama Satya', 2, '2025-05-05 01:30:24', '2025-05-05 01:30:24'),
(101, 102, '240551180029', 'Arni Indriyani', 2, '2025-05-05 01:30:24', '2025-05-05 01:30:24'),
(102, 103, '240551180013', 'Citra Ananda Putri', 2, '2025-05-05 01:30:24', '2025-05-05 01:30:24'),
(103, 104, '240551180039', 'Fadhil Akmal', 2, '2025-05-05 01:30:24', '2025-05-05 01:30:24'),
(104, 105, '240551180014', 'Ghathfan Ariendra Aditya Gunawan', 2, '2025-05-05 01:30:24', '2025-05-05 01:30:24'),
(105, 106, '240551180048', 'Jaka Maulana', 2, '2025-05-05 01:30:24', '2025-05-05 01:30:24'),
(106, 107, '240551180016', 'Jovanny Putri Wilasandho', 2, '2025-05-05 01:30:24', '2025-05-05 01:30:24'),
(107, 108, '240551180022', 'Lintang Suci Rahayu', 2, '2025-05-05 01:30:24', '2025-05-05 01:30:24'),
(108, 109, '240551020052', 'M.rafliansyah', 2, '2025-05-05 01:30:24', '2025-05-05 01:30:24'),
(109, 110, '240551180025', 'Meliyawati', 2, '2025-05-05 01:30:24', '2025-05-05 01:30:24'),
(110, 111, '240551180001', 'Muhamad Abnar', 2, '2025-05-05 01:30:24', '2025-05-05 01:30:24'),
(111, 112, '240551180028', 'Muhamad Alfiansyah Rachmadani Sodikin', 2, '2025-05-05 01:30:24', '2025-05-05 01:30:24'),
(112, 113, '240551180055', 'Muhamad Rafli Awaludin', 2, '2025-05-05 01:30:24', '2025-05-05 01:30:24'),
(113, 114, '240551180031', 'Muhammad Exel Alfatir', 2, '2025-05-05 01:30:24', '2025-05-05 01:30:24'),
(114, 115, '240551180034', 'Nabilah Putri Cahyani', 2, '2025-05-05 01:30:24', '2025-05-05 01:30:24'),
(115, 116, '240551180011', 'Nanesca Rose Hanafiah', 2, '2025-05-05 01:30:24', '2025-05-05 01:30:24'),
(116, 117, '240551180057', 'Rizkha Herdiani', 2, '2025-05-05 01:30:24', '2025-05-05 01:30:24'),
(117, 118, '240551020034', 'Roito Sapitri', 2, '2025-05-05 01:30:24', '2025-05-05 01:30:24'),
(118, 119, '240551180003', 'Rosita Sari', 2, '2025-05-05 01:30:24', '2025-05-05 01:30:24'),
(119, 120, '240551180049', 'Sahla Luna Aida', 2, '2025-05-05 01:30:24', '2025-05-05 01:30:24'),
(120, 121, '240551180004', 'Salwa Annisa Syafii', 2, '2025-05-05 01:30:24', '2025-05-05 01:30:24'),
(121, 122, '240551180007', 'Sidiq Gilang Ramadhan', 2, '2025-05-05 01:30:24', '2025-05-05 01:30:24'),
(122, 123, '240551180038', 'Siti Aniatu Soliha', 2, '2025-05-05 01:30:24', '2025-05-05 01:30:24'),
(123, 124, '240551180058', 'Umi Raisa', 2, '2025-05-05 01:30:24', '2025-05-05 01:30:24'),
(124, 125, '240551180030', 'Uyun Khoirurohman', 2, '2025-05-05 01:30:24', '2025-05-05 01:30:24'),
(125, 126, '230221180029', 'Rizaq Mannan', 2, '2025-05-05 01:30:24', '2025-05-05 01:30:24'),
(126, 127, '240661180013', 'Ade Aan Nur Iklima', 4, '2025-05-05 01:30:24', '2025-05-05 01:30:24'),
(127, 128, '240661180014', 'Adika Sulistyo', 4, '2025-05-05 01:30:24', '2025-05-05 01:30:24'),
(128, 129, '240661180001', 'Akbar Muhammad Hasan', 4, '2025-05-05 01:30:24', '2025-05-05 01:30:24'),
(129, 130, '240661180021', 'Alan Dikria Saputra', 4, '2025-05-05 01:30:24', '2025-05-05 01:30:24'),
(130, 131, '240661180015', 'Aleluya Flowerisa', 4, '2025-05-05 01:30:24', '2025-05-05 01:30:24'),
(131, 132, '240661180006', 'Anita Boru Sihombing', 4, '2025-05-05 01:30:24', '2025-05-05 01:30:24'),
(132, 133, '240661180009', 'Arkan Fatahillah', 4, '2025-05-05 01:30:24', '2025-05-05 01:30:24'),
(133, 134, '240661180019', 'Cani Afaliani Kusuma', 4, '2025-05-05 01:30:24', '2025-05-05 01:30:24'),
(134, 135, '240661180028', 'Demas Raissa Rafif', 4, '2025-05-05 01:30:24', '2025-05-05 01:30:24'),
(135, 136, '240661180004', 'Dinda Azzar Lestari', 4, '2025-05-05 01:30:24', '2025-05-05 01:30:24'),
(136, 137, '240661180002', 'Hadi Fauzan', 4, '2025-05-05 01:30:24', '2025-05-05 01:30:24'),
(137, 138, '240661180020', 'Indah Oktafia', 4, '2025-05-05 01:30:24', '2025-05-05 01:30:24'),
(138, 139, '240661180008', 'Jihan Fikriyyah Jawharah', 4, '2025-05-05 01:30:24', '2025-05-05 01:30:24'),
(139, 140, '240661180023', 'Mayliza Dwi Andini', 4, '2025-05-05 01:30:24', '2025-05-05 01:30:24'),
(140, 141, '240661180016', 'Muhammad Fadhillah Atmoko', 4, '2025-05-05 01:30:24', '2025-05-05 01:30:24'),
(141, 142, '240661180024', 'Muhammad Faiz Fadillah', 4, '2025-05-05 01:30:24', '2025-05-05 01:30:24'),
(142, 143, '240661180030', 'Muhammad Fikri Khairan', 4, '2025-05-05 01:30:24', '2025-05-05 01:30:24'),
(143, 144, '240661180012', 'Muhammad Irsyad Kamal Ghani', 4, '2025-05-05 01:30:24', '2025-05-05 01:30:24'),
(144, 145, '240661180010', 'Novira', 4, '2025-05-05 01:30:24', '2025-05-05 01:30:24'),
(145, 146, '240661180005', 'Nurhaliza Putri', 4, '2025-05-05 01:30:24', '2025-05-05 01:30:24'),
(146, 147, '240661180022', 'Puteri Aida Ramadhani', 4, '2025-05-05 01:30:24', '2025-05-05 01:30:24'),
(147, 148, '240661180007', 'Putri Ratna Fadhilah', 4, '2025-05-05 01:30:24', '2025-05-05 01:30:24'),
(148, 149, '240661180011', 'Raisha Oktaviani', 4, '2025-05-05 01:30:24', '2025-05-05 01:30:24'),
(149, 150, '240661180029', 'Ravenza Diannova', 4, '2025-05-05 01:30:24', '2025-05-05 01:30:24'),
(150, 151, '240661180018', 'Roro Harum Kirani', 4, '2025-05-05 01:30:24', '2025-05-05 01:30:24'),
(151, 152, '240661180027', 'Sarah Alya Mukhbita Suryanto Putri', 4, '2025-05-05 01:30:24', '2025-05-05 01:30:24'),
(152, 153, '240661180017', 'Udzry Rasya Fawwazu', 4, '2025-05-05 01:30:24', '2025-05-05 01:30:24'),
(153, 154, '240661180003', 'Vega Putri Aulia', 4, '2025-05-05 01:30:24', '2025-05-05 01:30:24'),
(154, 155, '230111180017', 'Adelia Putri', 8, '2025-05-05 01:30:24', '2025-05-05 01:30:24'),
(155, 156, '230111180041', 'Alvia Rahmah Darmayanti', 8, '2025-05-05 01:30:24', '2025-05-05 01:30:24'),
(156, 157, '230111180012', 'Anisa Naya Andriastuti', 8, '2025-05-05 01:30:24', '2025-05-05 01:30:24'),
(157, 158, '230111180013', 'Aqilla Zhahra Azhari', 8, '2025-05-05 01:30:24', '2025-05-05 01:30:24'),
(158, 159, '230111180015', 'Arlita Pradya Utami', 8, '2025-05-05 01:30:24', '2025-05-05 01:30:24'),
(159, 160, '230111180033', 'Cempaka Ayu Istiqomah', 8, '2025-05-05 01:30:24', '2025-05-05 01:30:24'),
(160, 161, '230111180008', 'Cyntia Destia P', 8, '2025-05-05 01:30:24', '2025-05-05 01:30:24'),
(161, 162, '230111180011', 'Delia Septiyani', 8, '2025-05-05 01:30:24', '2025-05-05 01:30:24'),
(162, 163, '230111180038', 'Ega Septiani Agustin', 8, '2025-05-05 01:30:24', '2025-05-05 01:30:24'),
(163, 164, '230111180014', 'Fadia Anisa Putri', 8, '2025-05-05 01:30:24', '2025-05-05 01:30:24'),
(164, 165, '230111180029', 'Gita Dwiyani', 8, '2025-05-05 01:30:24', '2025-05-05 01:30:24'),
(165, 166, '230111180004', 'Irwandi Bima Christian Sinaga', 8, '2025-05-05 01:30:24', '2025-05-05 01:30:24'),
(166, 167, '230111180030', 'Junia Humaira', 8, '2025-05-05 01:30:24', '2025-05-05 01:30:24'),
(167, 168, '230111180034', 'Karennina Kurnia Cahya', 8, '2025-05-05 01:30:24', '2025-05-05 01:30:24'),
(168, 169, '230111180010', 'Muhammad Zaid Salimudin', 8, '2025-05-05 01:30:24', '2025-05-05 01:30:24'),
(169, 170, '230111180022', 'Nandeta Putri Sasmita', 8, '2025-05-05 01:30:24', '2025-05-05 01:30:24'),
(170, 171, '230111180016', 'Nayla Audia Putri', 8, '2025-05-05 01:30:24', '2025-05-05 01:30:24'),
(171, 172, '230111180028', 'Nurul Anissa', 8, '2025-05-05 01:30:24', '2025-05-05 01:30:24'),
(172, 173, '230111180003', 'Risya Aurelia', 8, '2025-05-05 01:30:24', '2025-05-05 01:30:24'),
(173, 174, '230111180027', 'Rizky Saputra', 8, '2025-05-05 01:30:24', '2025-05-05 01:30:24'),
(174, 175, '230111180039', 'Rossiana Maysa Putri', 8, '2025-05-05 01:30:24', '2025-05-05 01:30:24'),
(175, 176, '230111180043', 'Sabila Sabriyanti', 8, '2025-05-05 01:30:24', '2025-05-05 01:30:24'),
(176, 177, '230111180024', 'Sabrina Najwa Aina', 8, '2025-05-05 01:30:24', '2025-05-05 01:30:24'),
(177, 178, '230111180044', 'Subhi Muhammad Yasin', 8, '2025-05-05 01:30:24', '2025-05-05 01:30:24'),
(178, 179, '230111180048', 'Hisyam Malik', 8, '2025-05-05 01:30:24', '2025-05-05 01:30:24'),
(179, 180, '230111180006', 'Achmad Rivai', 9, '2025-05-05 01:30:24', '2025-05-05 01:30:24'),
(180, 181, '230111180021', 'Albert Brian Kurniawan', 9, '2025-05-05 01:30:24', '2025-05-05 01:30:24'),
(181, 182, '230111180040', 'Andik Krisbi Antoro', 9, '2025-05-05 01:30:24', '2025-05-05 01:30:24'),
(182, 183, '230111180035', 'Aurellia Mardiani', 9, '2025-05-05 01:30:24', '2025-05-05 01:30:24'),
(183, 184, '230111180002', 'Elang Paschal Yudhistira', 9, '2025-05-05 01:30:24', '2025-05-05 01:30:24'),
(184, 185, '230111180001', 'Erlangga Wibowo', 9, '2025-05-05 01:30:24', '2025-05-05 01:30:24'),
(185, 186, '230111180026', 'Fajar Syaputra', 9, '2025-05-05 01:30:24', '2025-05-05 01:30:24'),
(186, 187, '230111180018', 'Irene Febianah', 9, '2025-05-05 01:30:24', '2025-05-05 01:30:24'),
(187, 188, '230111180036', 'Istikfar Diah Utami', 9, '2025-05-05 01:30:24', '2025-05-05 01:30:24'),
(188, 189, '230111180020', 'Khoirul Anam', 9, '2025-05-05 01:30:24', '2025-05-05 01:30:24'),
(189, 190, '230111180019', 'Lukito Resqa Ramadhan', 9, '2025-05-05 01:30:24', '2025-05-05 01:30:24'),
(190, 191, '230111180005', 'Mia Rahma Dewi', 9, '2025-05-05 01:30:24', '2025-05-05 01:30:24'),
(191, 192, '230111180031', 'Muhammad Khoerul Anam', 9, '2025-05-05 01:30:24', '2025-05-05 01:30:24'),
(192, 193, '230111180032', 'Rara Aulia Nursanti', 9, '2025-05-05 01:30:24', '2025-05-05 01:30:24'),
(193, 194, '230111180049', 'Siti Nuraini', 9, '2025-05-05 01:30:24', '2025-05-05 01:30:24'),
(194, 195, '220111180087', 'Ratu Balqis Dipomustika Suci', 9, '2025-05-05 01:30:24', '2025-05-05 01:30:24'),
(195, 196, '230221180019', 'Anggia Fridya Astuti', 14, '2025-05-05 01:30:24', '2025-05-05 01:30:24'),
(196, 197, '230221180002', 'Asri Amanda Parli', 14, '2025-05-05 01:30:24', '2025-05-05 01:30:24'),
(197, 198, '230221180032', 'Bella Celesta Audrey', 14, '2025-05-05 01:30:24', '2025-05-05 01:30:24'),
(198, 199, '230221180023', 'Danisa Nurul Amalia', 14, '2025-05-05 01:30:24', '2025-05-05 01:30:24'),
(199, 200, '230221180020', 'Dewi Andini Army', 14, '2025-05-05 01:30:24', '2025-05-05 01:30:24'),
(200, 201, '230221180024', 'Dina Ratu Setiani', 14, '2025-05-05 01:30:24', '2025-05-05 01:30:24'),
(201, 202, '230221180028', 'Fachrizal Giovani', 14, '2025-05-05 01:30:24', '2025-05-05 01:30:24'),
(202, 203, '230221180015', 'Firman Ismail', 14, '2025-05-05 01:30:24', '2025-05-05 01:30:24'),
(203, 204, '230221180003', 'I Gusti Bagus Eka Saputra', 14, '2025-05-05 01:30:24', '2025-05-05 01:30:24'),
(204, 205, '230221180006', 'Nisrina Abiyu Wardani', 14, '2025-05-05 01:30:24', '2025-05-05 01:30:24'),
(205, 206, '230221180017', 'Noval Alfa Rozi', 14, '2025-05-05 01:30:24', '2025-05-05 01:30:24'),
(206, 207, '230221180014', 'Putri Aura Salsabila', 14, '2025-05-05 01:30:24', '2025-05-05 01:30:24'),
(207, 208, '230221180025', 'Rahmad Bagus Witjaksono', 14, '2025-05-05 01:30:24', '2025-05-05 01:30:24'),
(208, 209, '230221180005', 'Rizky Ammy Augusta', 14, '2025-05-05 01:30:24', '2025-05-05 01:30:24'),
(209, 210, '230221180018', 'Rizky Hidayat', 14, '2025-05-05 01:30:24', '2025-05-05 01:30:24'),
(210, 211, '230221180016', 'Tiven Dendra Zakyria', 14, '2025-05-05 01:30:24', '2025-05-05 01:30:24'),
(211, 212, '230221180007', 'Virda Nur Atria', 14, '2025-05-05 01:30:24', '2025-05-05 01:30:24'),
(212, 213, '230221180008', 'Windy Rahma Dita', 14, '2025-05-05 01:30:24', '2025-05-05 01:30:24'),
(213, 214, '230221180004', 'Zulfa Arifatul Ainy', 14, '2025-05-05 01:30:24', '2025-05-05 01:30:24'),
(214, 215, '230221180001', 'Dysta Nara Velicia Zahra', 15, '2025-05-05 01:30:24', '2025-05-05 01:30:24'),
(215, 216, '230331180014', 'Ade Gusti Legowo', 13, '2025-05-05 01:30:24', '2025-05-05 01:30:24'),
(216, 217, '230331180012', 'Fitri Maharani', 13, '2025-05-05 01:30:24', '2025-05-05 01:30:24'),
(217, 218, '230331180005', 'Hadyan Habibi Priyono', 13, '2025-05-05 01:30:24', '2025-05-05 01:30:24'),
(218, 219, '230331180002', 'Ilham Fajar Taufik', 13, '2025-05-05 01:30:24', '2025-05-05 01:30:24'),
(219, 220, '230331180004', 'Muhadistudin Amri', 13, '2025-05-05 01:30:24', '2025-05-05 01:30:24'),
(220, 221, '230331180006', 'Raditya Fadil Pradana', 13, '2025-05-05 01:30:24', '2025-05-05 01:30:24'),
(221, 222, '230331180007', 'Revalina Dara Puspita', 13, '2025-05-05 01:30:24', '2025-05-05 01:30:24'),
(222, 223, '230331180010', 'Riski Amelia', 13, '2025-05-05 01:30:24', '2025-05-05 01:30:24'),
(223, 224, '230331180008', 'Sela Nurpita', 13, '2025-05-05 01:30:24', '2025-05-05 01:30:24'),
(224, 225, '230331180013', 'Nicho Panji Sabrudin', 13, '2025-05-05 01:30:24', '2025-05-05 01:30:24'),
(225, 226, '230444180008', 'Alfiansyah Cahyo Wicaksono', 16, '2025-05-05 01:30:24', '2025-05-05 01:30:24'),
(226, 227, '230444180010', 'Ananda Diyuda', 16, '2025-05-05 01:30:24', '2025-05-05 01:30:24'),
(227, 228, '230444180013', 'Andini Julita', 16, '2025-05-05 01:30:24', '2025-05-05 01:30:24'),
(228, 229, '230444180007', 'Andreas Julianto', 16, '2025-05-05 01:30:24', '2025-05-05 01:30:24'),
(229, 230, '230444180006', 'Eka Avriliana', 16, '2025-05-05 01:30:24', '2025-05-05 01:30:24'),
(230, 231, '230444180018', 'Eka Nur Aprilia', 16, '2025-05-05 01:30:24', '2025-05-05 01:30:24'),
(231, 232, '230444180012', 'Farid Rizky Amrullah', 16, '2025-05-05 01:30:24', '2025-05-05 01:30:24'),
(232, 233, '230444180005', 'Fasya Hasna Aidah', 16, '2025-05-05 01:30:24', '2025-05-05 01:30:24'),
(233, 234, '230444180017', 'Ghefira Aska Putri', 16, '2025-05-05 01:30:24', '2025-05-05 01:30:24'),
(234, 235, '230444180002', 'Hesti Indriyani', 16, '2025-05-05 01:30:24', '2025-05-05 01:30:24'),
(235, 236, '230444180001', 'Lastri Arta Uli Pangaribuan', 16, '2025-05-05 01:30:24', '2025-05-05 01:30:24'),
(236, 237, '230444180004', 'M. Gilang Acchadipa Nazar', 16, '2025-05-05 01:30:24', '2025-05-05 01:30:24'),
(237, 238, '230444180003', 'Muhammad Ali Zulfaqar', 16, '2025-05-05 01:30:24', '2025-05-05 01:30:24'),
(238, 239, '230444180011', 'Muhammad Fajar Darma Putra', 16, '2025-05-05 01:30:24', '2025-05-05 01:30:24'),
(239, 240, '230444180014', 'Muhammad Ramdan', 16, '2025-05-05 01:30:24', '2025-05-05 01:30:24'),
(240, 241, '230444180016', 'Rodstein Fing Beta Lucson', 16, '2025-05-05 01:30:24', '2025-05-05 01:30:24'),
(241, 242, '230444180019', 'Wandi Aditya', 16, '2025-05-05 01:30:24', '2025-05-05 01:30:24'),
(242, 243, '230444180015', 'Bintang Ilyasa Nugraha', 16, '2025-05-05 01:30:24', '2025-05-05 01:30:24'),
(243, 244, '230551180008', 'Adinda Yunia Trisnawati', 10, '2025-05-05 01:30:24', '2025-05-05 01:30:24'),
(244, 245, '230551180043', 'Aflah', 10, '2025-05-05 01:30:24', '2025-05-05 01:30:24'),
(245, 246, '230551180027', 'Alissya Rachma Deani Permana', 10, '2025-05-05 01:30:24', '2025-05-05 01:30:24'),
(246, 247, '230551180002', 'Alvina Dwi Putri', 10, '2025-05-05 01:30:24', '2025-05-05 01:30:24'),
(247, 248, '230551180024', 'Andhika Panca', 10, '2025-05-05 01:30:24', '2025-05-05 01:30:24'),
(248, 249, '230551180016', 'Andina Rahmalia Dewi', 10, '2025-05-05 01:30:24', '2025-05-05 01:30:24'),
(249, 250, '230551180039', 'Aura Azalea Rasyadina', 10, '2025-05-05 01:30:24', '2025-05-05 01:30:24'),
(250, 251, '230551180034', 'Aura Putri Andani', 10, '2025-05-05 01:30:25', '2025-05-05 01:30:25'),
(251, 252, '230551180015', 'Chaerunisa Fitri Novianti', 10, '2025-05-05 01:30:25', '2025-05-05 01:30:25'),
(252, 253, '230551180005', 'Clarina Gustaviani', 10, '2025-05-05 01:30:25', '2025-05-05 01:30:25'),
(253, 254, '230551180001', 'Daniel Joseph', 10, '2025-05-05 01:30:25', '2025-05-05 01:30:25'),
(254, 255, '230551180004', 'Dimas Saputra', 10, '2025-05-05 01:30:25', '2025-05-05 01:30:25'),
(255, 256, '230551180025', 'Intan Loefirta Hawa Rizki', 10, '2025-05-05 01:30:25', '2025-05-05 01:30:25'),
(256, 257, '230551180028', 'Juria Ningsih', 10, '2025-05-05 01:30:25', '2025-05-05 01:30:25'),
(257, 258, '230551180038', 'Khalil Hazbi Riandana', 10, '2025-05-05 01:30:25', '2025-05-05 01:30:25'),
(258, 259, '230551180011', 'Khoirunnisa Lutfia Larasati', 10, '2025-05-05 01:30:25', '2025-05-05 01:30:25'),
(259, 260, '230551180010', 'Melisa Fauziah', 10, '2025-05-05 01:30:25', '2025-05-05 01:30:25'),
(260, 261, '230551180047', 'Muhamad Adam Fauzan Adhima', 10, '2025-05-05 01:30:25', '2025-05-05 01:30:25'),
(261, 262, '230551180029', 'Nazwa Salsa Nabilla', 10, '2025-05-05 01:30:25', '2025-05-05 01:30:25'),
(262, 263, '230551180003', 'Nur Handayani Eka Sartika', 10, '2025-05-05 01:30:25', '2025-05-05 01:30:25'),
(263, 264, '230551180030', 'Rahma Nur Oktaviani', 10, '2025-05-05 01:30:25', '2025-05-05 01:30:25'),
(264, 265, '230551180036', 'Ratu Naylla Padmalinda Putri', 10, '2025-05-05 01:30:25', '2025-05-05 01:30:25'),
(265, 266, '230551180044', 'Riva Dwi Anggraeni', 10, '2025-05-05 01:30:25', '2025-05-05 01:30:25'),
(266, 267, '230551180019', 'Valda Candrika Sofyan', 10, '2025-05-05 01:30:25', '2025-05-05 01:30:25'),
(267, 268, '230551180012', 'Endang Maslichah', 10, '2025-05-05 01:30:25', '2025-05-05 01:30:25'),
(268, 269, '230551180026', 'Muchammad Hezkia Farrel Makruf', 10, '2025-05-05 01:30:25', '2025-05-05 01:30:25'),
(269, 270, '230551180018', 'Alvito Rizal Dwitama', 11, '2025-05-05 01:30:25', '2025-05-05 01:30:25'),
(270, 271, '230551180017', 'Galuh Alyahana Algiffari', 11, '2025-05-05 01:30:25', '2025-05-05 01:30:25'),
(271, 272, '230551180009', 'Aminah', 11, '2025-05-05 01:30:25', '2025-05-05 01:30:25'),
(272, 273, '230551180007', 'Daffa Ananta Syahputra', 11, '2025-05-05 01:30:25', '2025-05-05 01:30:25'),
(273, 274, '230551180054', 'Fajar Maulana', 11, '2025-05-05 01:30:25', '2025-05-05 01:30:25'),
(274, 275, '230551180046', 'Farhan Marzuki', 11, '2025-05-05 01:30:25', '2025-05-05 01:30:25'),
(275, 276, '230551180050', 'Jubaedi', 11, '2025-05-05 01:30:25', '2025-05-05 01:30:25'),
(276, 277, '230551180053', 'Muhamad Ilham Fathu Rahman', 11, '2025-05-05 01:30:25', '2025-05-05 01:30:25'),
(277, 278, '230551180014', 'Panji Prasetyanto', 11, '2025-05-05 01:30:25', '2025-05-05 01:30:25'),
(278, 279, '230551180013', 'Tri Widiyaningsih', 11, '2025-05-05 01:30:25', '2025-05-05 01:30:25'),
(279, 280, '230551180006', 'Vira Surya Fricilia', 11, '2025-05-05 01:30:25', '2025-05-05 01:30:25'),
(280, 281, '230551180055', 'Ahmad Yusron', 11, '2025-05-05 01:30:25', '2025-05-05 01:30:25'),
(281, 282, '230551180041', 'Muhammad Rafli Pandutama', 11, '2025-05-05 01:30:25', '2025-05-05 01:30:25'),
(282, 283, '230551180049', 'Nining Ratnasari', 11, '2025-05-05 01:30:25', '2025-05-05 01:30:25'),
(283, 284, '240551180064', 'Naura Vania Ruslyantari', 11, '2025-05-05 01:30:25', '2025-05-05 01:30:25'),
(284, 285, '230661180009', 'Albert Vico Pinontoan', 12, '2025-05-05 01:30:25', '2025-05-05 01:30:25'),
(285, 286, '230661180007', 'Bella Maulidiya', 12, '2025-05-05 01:30:25', '2025-05-05 01:30:25'),
(286, 287, '230661180017', 'Daniel Gymnastiar Anwar', 12, '2025-05-05 01:30:25', '2025-05-05 01:30:25'),
(287, 288, '230661180002', 'Darman Jaya Bawamenewi', 12, '2025-05-05 01:30:25', '2025-05-05 01:30:25'),
(288, 289, '230661180013', 'Dewanda Dennis Rizaldi', 12, '2025-05-05 01:30:25', '2025-05-05 01:30:25'),
(289, 290, '230661180006', 'Diva Aulia Ananta', 12, '2025-05-05 01:30:25', '2025-05-05 01:30:25'),
(290, 291, '230661180008', 'Farid Al Qadri', 12, '2025-05-05 01:30:25', '2025-05-05 01:30:25'),
(291, 292, '230661180014', 'M Rifqi Imam Sabillah', 12, '2025-05-05 01:30:25', '2025-05-05 01:30:25'),
(292, 293, '230661180018', 'Mehdi Muhammad Ridho', 12, '2025-05-05 01:30:25', '2025-05-05 01:30:25'),
(293, 294, '230661180011', 'Mochamad Dymas Haikal Saputra', 12, '2025-05-05 01:30:25', '2025-05-05 01:30:25'),
(294, 295, '230661180020', 'Muhammad Tengku Ihsan', 12, '2025-05-05 01:30:25', '2025-05-05 01:30:25'),
(295, 296, '230661180003', 'Muhammad Zacky', 12, '2025-05-05 01:30:25', '2025-05-05 01:30:25'),
(296, 297, '230661180012', 'Muti Aisya Tangguh Pratomo', 12, '2025-05-05 01:30:25', '2025-05-05 01:30:25'),
(297, 298, '230661180004', 'Salsabila Ahmad', 12, '2025-05-05 01:30:25', '2025-05-05 01:30:25'),
(298, 299, '230661180001', 'Sukma Rizky Ageng Perdana', 12, '2025-05-05 01:30:25', '2025-05-05 01:30:25'),
(299, 300, '230661180010', 'Muhammad Faza Fauzan Azzikra', 12, '2025-05-05 01:30:25', '2025-05-05 01:30:25'),
(300, 301, '230661180005', 'Achmad Muhajir', 12, '2025-05-05 01:30:25', '2025-05-05 01:30:25'),
(301, 302, '220111180024', 'Adelia Nur Azizah', 17, '2025-05-05 01:30:25', '2025-05-05 01:30:25'),
(302, 303, '220111180036', 'Alisya Najwa Wafiyah', 17, '2025-05-05 01:30:25', '2025-05-05 01:30:25'),
(303, 304, '220111180009', 'Aristi Wulandari', 17, '2025-05-05 01:30:25', '2025-05-05 01:30:25'),
(304, 305, '220111180060', 'Arsinta Eka Putri', 17, '2025-05-05 01:30:25', '2025-05-05 01:30:25'),
(305, 306, '220111180023', 'Claudia Cyndi L Sipayung', 17, '2025-05-05 01:30:25', '2025-05-05 01:30:25'),
(306, 307, '220111180080', 'Delliana Putri', 17, '2025-05-05 01:30:25', '2025-05-05 01:30:25'),
(307, 308, '220111180027', 'Devy Wantika', 17, '2025-05-05 01:30:25', '2025-05-05 01:30:25'),
(308, 309, '220111180083', 'Dewi Suci Muryati', 17, '2025-05-05 01:30:25', '2025-05-05 01:30:25'),
(309, 310, '220111180047', 'Fadia Utami', 17, '2025-05-05 01:30:25', '2025-05-05 01:30:25'),
(310, 311, '220111180058', 'Fasha Nurul \'Aini', 17, '2025-05-05 01:30:25', '2025-05-05 01:30:25'),
(311, 312, '220111180037', 'Frisca Frecylia Christika', 17, '2025-05-05 01:30:25', '2025-05-05 01:30:25'),
(312, 313, '220111180006', 'Heni Nuraini', 17, '2025-05-05 01:30:25', '2025-05-05 01:30:25'),
(313, 314, '220111180015', 'Hesa Satifah', 17, '2025-05-05 01:30:25', '2025-05-05 01:30:25'),
(314, 315, '220111180021', 'Indah Gita Cahyani', 17, '2025-05-05 01:30:25', '2025-05-05 01:30:25'),
(315, 316, '220111180070', 'Irnayanti', 17, '2025-05-05 01:30:25', '2025-05-05 01:30:25'),
(316, 317, '220111180038', 'Jessica Valeri Kurniawan', 17, '2025-05-05 01:30:25', '2025-05-05 01:30:25'),
(317, 318, '220111180101', 'Meisyahrun Najah', 17, '2025-05-05 01:30:25', '2025-05-05 01:30:25'),
(318, 319, '220111180069', 'Muhamad Abdalah', 17, '2025-05-05 01:30:25', '2025-05-05 01:30:25'),
(319, 320, '220111180061', 'Muhammad Farhan', 17, '2025-05-05 01:30:25', '2025-05-05 01:30:25'),
(320, 321, '220111180064', 'Muhammad Luthfie Habibie', 17, '2025-05-05 01:30:25', '2025-05-05 01:30:25'),
(321, 322, '220111180034', 'Muhammad Rafie Al-Faridzy', 17, '2025-05-05 01:30:25', '2025-05-05 01:30:25'),
(322, 323, '220111180010', 'Muhammad Ryoni Satrio Putro', 17, '2025-05-05 01:30:25', '2025-05-05 01:30:25'),
(323, 324, '220111180032', 'Najwa Nanda Safitri', 17, '2025-05-05 01:30:25', '2025-05-05 01:30:25'),
(324, 325, '220111180014', 'Nur Aini', 17, '2025-05-05 01:30:25', '2025-05-05 01:30:25'),
(325, 326, '220111180011', 'Regita Fakhriani', 17, '2025-05-05 01:30:25', '2025-05-05 01:30:25'),
(326, 327, '220111180041', 'Rendi Nurhidayat', 17, '2025-05-05 01:30:25', '2025-05-05 01:30:25'),
(327, 328, '220111180056', 'Riza Zahara Nur Azizah', 17, '2025-05-05 01:30:25', '2025-05-05 01:30:25'),
(328, 329, '220111180066', 'Salwa Nurasifa', 17, '2025-05-05 01:30:25', '2025-05-05 01:30:25'),
(329, 330, '220111180117', 'Silvia Indriyani', 17, '2025-05-05 01:30:25', '2025-05-05 01:30:25'),
(330, 331, '220111180016', 'Siti Nurhalimah', 17, '2025-05-05 01:30:25', '2025-05-05 01:30:25'),
(331, 332, '220111180028', 'Siti Wulandari', 17, '2025-05-05 01:30:25', '2025-05-05 01:30:25'),
(332, 333, '220111180071', 'Syafira Khairuddin', 17, '2025-05-05 01:30:25', '2025-05-05 01:30:25'),
(333, 334, '220111180033', 'Triani', 17, '2025-05-05 01:30:25', '2025-05-05 01:30:25'),
(334, 335, '220111180103', 'Agung Lesmana Putra', 18, '2025-05-05 01:30:25', '2025-05-05 01:30:25'),
(335, 336, '220111180039', 'Alissa Shakila Djati', 18, '2025-05-05 01:30:25', '2025-05-05 01:30:25'),
(336, 337, '220111180043', 'Amelia Putri Septiani', 18, '2025-05-05 01:30:25', '2025-05-05 01:30:25'),
(337, 338, '220111180044', 'Annisa Auralia', 18, '2025-05-05 01:30:25', '2025-05-05 01:30:25'),
(338, 339, '220111180076', 'Athifah Farah Mufidah', 18, '2025-05-05 01:30:25', '2025-05-05 01:30:25'),
(339, 340, '220111180067', 'Bintang Jala Herlambang', 18, '2025-05-05 01:30:25', '2025-05-05 01:30:25'),
(340, 341, '220111180035', 'Eka Supriyatmi', 18, '2025-05-05 01:30:25', '2025-05-05 01:30:25'),
(341, 342, '220111180078', 'Elisabet Jelita Triwidia Zebua', 18, '2025-05-05 01:30:25', '2025-05-05 01:30:25'),
(342, 343, '220111180105', 'Elsa Tania Salsabilah', 18, '2025-05-05 01:30:25', '2025-05-05 01:30:25'),
(343, 344, '220111180020', 'Farras Zhafira', 18, '2025-05-05 01:30:25', '2025-05-05 01:30:25'),
(344, 345, '220111180008', 'Ferdian Alamsyah', 18, '2025-05-05 01:30:25', '2025-05-05 01:30:25'),
(345, 346, '220111180030', 'Hersa Sabrina Rahmanto', 18, '2025-05-05 01:30:25', '2025-05-05 01:30:25'),
(346, 347, '220111180073', 'Jechiel Farianto Bobane', 18, '2025-05-05 01:30:25', '2025-05-05 01:30:25'),
(347, 348, '220111180097', 'Julia Illya Delany', 18, '2025-05-05 01:30:25', '2025-05-05 01:30:25'),
(348, 349, '220111180099', 'Lusi Iskandar', 18, '2025-05-05 01:30:25', '2025-05-05 01:30:25'),
(349, 350, '220111180104', 'Monika Zay Putri', 18, '2025-05-05 01:30:25', '2025-05-05 01:30:25'),
(350, 351, '220111180108', 'Muhamad Pajri', 18, '2025-05-05 01:30:25', '2025-05-05 01:30:25'),
(351, 352, '220111180093', 'Muhamad Ramadhan', 18, '2025-05-05 01:30:25', '2025-05-05 01:30:25'),
(352, 353, '220111180003', 'Muhammad Adrian Husaeni', 18, '2025-05-05 01:30:25', '2025-05-05 01:30:25'),
(353, 354, '220111180049', 'Muhammad Raihan', 18, '2025-05-05 01:30:25', '2025-05-05 01:30:25'),
(354, 355, '220111180046', 'Munjiatun Darojat', 18, '2025-05-05 01:30:25', '2025-05-05 01:30:25'),
(355, 356, '220111180086', 'Rika', 18, '2025-05-05 01:30:25', '2025-05-05 01:30:25'),
(356, 357, '220111180055', 'Rosita Amami', 18, '2025-05-05 01:30:25', '2025-05-05 01:30:25'),
(357, 358, '220111180050', 'Sandi Loardyawan', 18, '2025-05-05 01:30:25', '2025-05-05 01:30:25'),
(358, 359, '220111180007', 'Saskia Azzahra', 18, '2025-05-05 01:30:25', '2025-05-05 01:30:25'),
(359, 360, '220111180075', 'Siti Salmah', 18, '2025-05-05 01:30:25', '2025-05-05 01:30:25'),
(360, 361, '220111180053', 'Syifa Nadia Salma', 18, '2025-05-05 01:30:25', '2025-05-05 01:30:25'),
(361, 362, '220111180026', 'Ummi Fatimah', 18, '2025-05-05 01:30:25', '2025-05-05 01:30:25'),
(362, 363, '220111180059', 'Yudha Trie Anggara', 18, '2025-05-05 01:30:25', '2025-05-05 01:30:25'),
(363, 364, '220111180110', 'Zehan Novianti Sari', 18, '2025-05-05 01:30:25', '2025-05-05 01:30:25'),
(364, 365, '220111180114', 'Cristin Lasmaria Sagala', 18, '2025-05-05 01:30:25', '2025-05-05 01:30:25'),
(365, 366, '220111180019', 'Aditya Gusti Nugraha', 18, '2025-05-05 01:30:25', '2025-05-05 01:30:25'),
(366, 367, '220111180031', 'Ahmad Rangga Purnama', 18, '2025-05-05 01:30:25', '2025-05-05 01:30:25'),
(367, 368, '220111180004', 'Ali Mukhtar Lubis', 18, '2025-05-05 01:30:25', '2025-05-05 01:30:25'),
(368, 369, '220221180026', 'Agin Putra Ariyadi', 20, '2025-05-05 01:30:25', '2025-05-05 01:30:25'),
(369, 370, '220221180010', 'Aisyah Aulia Wijaya', 20, '2025-05-05 01:30:25', '2025-05-05 01:30:25'),
(370, 371, '220221180029', 'Alifah Yasmin', 20, '2025-05-05 01:30:25', '2025-05-05 01:30:25'),
(371, 372, '220221180009', 'Amalia Oktavia Nurhasanah', 20, '2025-05-05 01:30:25', '2025-05-05 01:30:25'),
(372, 373, '220221180058', 'Amelia Putri', 20, '2025-05-05 01:30:25', '2025-05-05 01:30:25'),
(373, 374, '220221180014', 'Beta Nirmala Sari Silalahi', 20, '2025-05-05 01:30:25', '2025-05-05 01:30:25'),
(374, 375, '220221180043', 'Dwi Anjani', 20, '2025-05-05 01:30:25', '2025-05-05 01:30:25'),
(375, 376, '220221180022', 'Dwinanda Nuraini', 20, '2025-05-05 01:30:25', '2025-05-05 01:30:25'),
(376, 377, '220221180017', 'Feri Heriyansah', 20, '2025-05-05 01:30:25', '2025-05-05 01:30:25'),
(377, 378, '220221180033', 'Firly Ramadhani', 20, '2025-05-05 01:30:25', '2025-05-05 01:30:25'),
(378, 379, '220221180002', 'Fitri Handayani', 20, '2025-05-05 01:30:25', '2025-05-05 01:30:25'),
(379, 380, '220221180025', 'Helen Chandra Fikhrianty', 20, '2025-05-05 01:30:25', '2025-05-05 01:30:25'),
(380, 381, '220221180027', 'Hendy Kurniawan', 20, '2025-05-05 01:30:25', '2025-05-05 01:30:25'),
(381, 382, '220221180047', 'Ikhsan Syaifulloh', 20, '2025-05-05 01:30:25', '2025-05-05 01:30:25'),
(382, 383, '220221180038', 'Indah', 20, '2025-05-05 01:30:25', '2025-05-05 01:30:25'),
(383, 384, '220221180003', 'Liana Nur Ismawati', 20, '2025-05-05 01:30:25', '2025-05-05 01:30:25'),
(384, 385, '220221180049', 'M. Alfareza', 20, '2025-05-05 01:30:25', '2025-05-05 01:30:25'),
(385, 386, '220221180004', 'Maulidah Rahma', 20, '2025-05-05 01:30:25', '2025-05-05 01:30:25'),
(386, 387, '220221180055', 'Mawar Adila Marchegiani', 20, '2025-05-05 01:30:25', '2025-05-05 01:30:25'),
(387, 388, '220221180051', 'Meliana Dwi Putri', 20, '2025-05-05 01:30:25', '2025-05-05 01:30:25'),
(388, 389, '220221180052', 'Mochamad Dwi Fahmi', 20, '2025-05-05 01:30:25', '2025-05-05 01:30:25'),
(389, 390, '220221180050', 'Moulina Rahmawati', 20, '2025-05-05 01:30:25', '2025-05-05 01:30:25'),
(390, 391, '220221180034', 'Muhamad Sholeh', 20, '2025-05-05 01:30:25', '2025-05-05 01:30:25'),
(391, 392, '220221180041', 'Muhammad Nur Afif', 20, '2025-05-05 01:30:25', '2025-05-05 01:30:25'),
(392, 393, '220221180060', 'Nabila Zhafirah Haryono', 20, '2025-05-05 01:30:25', '2025-05-05 01:30:25'),
(393, 394, '220221180023', 'Naufal Syafii Hanif Adani', 20, '2025-05-05 01:30:25', '2025-05-05 01:30:25'),
(394, 395, '220221180016', 'Nazwa Salsabilah', 20, '2025-05-05 01:30:25', '2025-05-05 01:30:25'),
(395, 396, '220221180046', 'Nufaizah Rahmah', 20, '2025-05-05 01:30:25', '2025-05-05 01:30:25'),
(396, 397, '220221180045', 'Nur Hasanah', 20, '2025-05-05 01:30:25', '2025-05-05 01:30:25'),
(397, 398, '220221180006', 'Rahman Maulana', 20, '2025-05-05 01:30:25', '2025-05-05 01:30:25'),
(398, 399, '220221180007', 'Risma Handayani', 20, '2025-05-05 01:30:25', '2025-05-05 01:30:25'),
(399, 400, '220221180011', 'Rizka Diana Revaliza', 20, '2025-05-05 01:30:25', '2025-05-05 01:30:25'),
(400, 401, '220221180059', 'Rully Magareta', 20, '2025-05-05 01:30:25', '2025-05-05 01:30:25'),
(401, 402, '220221180005', 'Salma Sal Sabila', 20, '2025-05-05 01:30:25', '2025-05-05 01:30:25'),
(402, 403, '220221180020', 'Samsul Bahri', 20, '2025-05-05 01:30:25', '2025-05-05 01:30:25'),
(403, 404, '220221180021', 'Siti Nur Sifa', 20, '2025-05-05 01:30:25', '2025-05-05 01:30:25'),
(404, 405, '220221180054', 'Siti Salsa Bila', 20, '2025-05-05 01:30:25', '2025-05-05 01:30:25'),
(405, 406, '220221180031', 'Suci Setiawati', 20, '2025-05-05 01:30:25', '2025-05-05 01:30:25'),
(406, 407, '220221180040', 'Syahrina Putri Roza', 20, '2025-05-05 01:30:25', '2025-05-05 01:30:25'),
(407, 408, '220221180013', 'Tiara Anugrah Illahi', 20, '2025-05-05 01:30:25', '2025-05-05 01:30:25'),
(408, 409, '220221180032', 'Vio Dwi Agustin', 20, '2025-05-05 01:30:25', '2025-05-05 01:30:25'),
(409, 410, '220221180028', 'Wiliam Eri Erlangga', 20, '2025-05-05 01:30:25', '2025-05-05 01:30:25'),
(410, 411, '220221180018', 'Yosi Melankori Jati', 20, '2025-05-05 01:30:25', '2025-05-05 01:30:25'),
(411, 412, '220221180024', 'Yudha Fhaturahman', 20, '2025-05-05 01:30:25', '2025-05-05 01:30:25'),
(412, 413, '220221180030', 'Zeindri Aleydrus Fathurrahman', 20, '2025-05-05 01:30:25', '2025-05-05 01:30:25'),
(413, 414, '220331180014', 'Adinda Safitriyadi', 19, '2025-05-05 01:30:25', '2025-05-05 01:30:25'),
(414, 415, '220331180009', 'Ahmad Fauzan', 19, '2025-05-05 01:30:25', '2025-05-05 01:30:25'),
(415, 416, '220331180030', 'Alif Malik Ibrahim', 19, '2025-05-05 01:30:25', '2025-05-05 01:30:25'),
(416, 417, '220331180032', 'Audrey Vinadya Tukaeja', 19, '2025-05-05 01:30:25', '2025-05-05 01:30:25'),
(417, 418, '220331180026', 'Desta Haikal Kahfi', 19, '2025-05-05 01:30:25', '2025-05-05 01:30:25'),
(418, 419, '220331180025', 'Dwi Putri Oktaviani', 19, '2025-05-05 01:30:25', '2025-05-05 01:30:25'),
(419, 420, '220331180021', 'Fahreza Putra Pramudya', 19, '2025-05-05 01:30:25', '2025-05-05 01:30:25'),
(420, 421, '220331180003', 'Farhan Fathurahman', 19, '2025-05-05 01:30:25', '2025-05-05 01:30:25'),
(421, 422, '220331180023', 'Farrel Witama Haryanto', 19, '2025-05-05 01:30:25', '2025-05-05 01:30:25'),
(422, 423, '220331180011', 'Hasan Yudha Simatupang', 19, '2025-05-05 01:30:25', '2025-05-05 01:30:25'),
(423, 424, '220331180010', 'Ibrahim', 19, '2025-05-05 01:30:25', '2025-05-05 01:30:25'),
(424, 425, '220331180024', 'Imam Joe Fardillah', 19, '2025-05-05 01:30:25', '2025-05-05 01:30:25'),
(425, 426, '220331180027', 'Irmayanti', 19, '2025-05-05 01:30:25', '2025-05-05 01:30:25'),
(426, 427, '220331180017', 'Jefri Ramanda Wijaya Kusuma', 19, '2025-05-05 01:30:25', '2025-05-05 01:30:25'),
(427, 428, '220331180028', 'Muhammad Nur Rizki.a', 19, '2025-05-05 01:30:25', '2025-05-05 01:30:25'),
(428, 429, '220331180002', 'Muhammad Rindo', 19, '2025-05-05 01:30:25', '2025-05-05 01:30:25'),
(429, 430, '220331180006', 'Muhammad Rizky Hadisukma', 19, '2025-05-05 01:30:25', '2025-05-05 01:30:25'),
(430, 431, '220331180007', 'Nira Ayu Maulida Saputri', 19, '2025-05-05 01:30:25', '2025-05-05 01:30:25'),
(431, 432, '220331180008', 'Nurtsania Widi', 19, '2025-05-05 01:30:25', '2025-05-05 01:30:25'),
(432, 433, '220331180013', 'Onesimus Pardamean Simatupang', 19, '2025-05-05 01:30:25', '2025-05-05 01:30:25'),
(433, 434, '220331180018', 'Rayvansha Pinago Sipahutar', 19, '2025-05-05 01:30:25', '2025-05-05 01:30:25'),
(434, 435, '220331180020', 'Roro Gusmita Ayu Anjani', 19, '2025-05-05 01:30:25', '2025-05-05 01:30:25'),
(435, 436, '220331180004', 'Sri Nugrahani Ramadhani Kallyana', 19, '2025-05-05 01:30:25', '2025-05-05 01:30:25'),
(436, 437, '220331180029', 'Syamsul Rizal', 19, '2025-05-05 01:30:25', '2025-05-05 01:30:25'),
(437, 438, '220331180005', 'Syifana Fitri Fauziah', 19, '2025-05-05 01:30:25', '2025-05-05 01:30:25'),
(438, 439, '220331180016', 'Tita Amalia Noor Rachmah', 19, '2025-05-05 01:30:25', '2025-05-05 01:30:25'),
(439, 440, '220331180019', 'Vicco Dirghaam Ginannafsi', 19, '2025-05-05 01:30:25', '2025-05-05 01:30:25'),
(440, 441, '220331180022', 'Yuyun Parwati', 19, '2025-05-05 01:30:25', '2025-05-05 01:30:25'),
(441, 442, '220331180015', 'Nazwa Vitra Tiara', 19, '2025-05-05 01:30:25', '2025-05-05 01:30:25'),
(442, 443, '220444180007', 'Ade Nur Fikri', 21, '2025-05-05 01:30:25', '2025-05-05 01:30:25'),
(443, 444, '220444180006', 'Ahmad Fauzi', 21, '2025-05-05 01:30:25', '2025-05-05 01:30:25'),
(444, 445, '220444180022', 'Ahmad Rizki Fauzi', 21, '2025-05-05 01:30:25', '2025-05-05 01:30:25'),
(445, 446, '220444180017', 'Akmal Hidayah', 21, '2025-05-05 01:30:25', '2025-05-05 01:30:25'),
(446, 447, '220444180005', 'Andi Tri Haryono', 21, '2025-05-05 01:30:25', '2025-05-05 01:30:25'),
(447, 448, '220444180009', 'Dimas Adhitya', 21, '2025-05-05 01:30:25', '2025-05-05 01:30:25'),
(448, 449, '220444180003', 'Dony', 21, '2025-05-05 01:30:25', '2025-05-05 01:30:25'),
(449, 450, '220444180012', 'Fariandi Ramadhan', 21, '2025-05-05 01:30:25', '2025-05-05 01:30:25'),
(450, 451, '220444180020', 'Hafizh Saif Fathir', 21, '2025-05-05 01:30:25', '2025-05-05 01:30:25'),
(451, 452, '220444180015', 'Mudghea Azzahra Kundasuni', 21, '2025-05-05 01:30:25', '2025-05-05 01:30:25'),
(452, 453, '220444180021', 'Muhammad Abduh', 21, '2025-05-05 01:30:25', '2025-05-05 01:30:25'),
(453, 454, '220444180002', 'Muhammad Akbar Sanu', 21, '2025-05-05 01:30:25', '2025-05-05 01:30:25'),
(454, 455, '220444180029', 'Muhammad Alif Satria', 21, '2025-05-05 01:30:25', '2025-05-05 01:30:25'),
(455, 456, '220444180019', 'Muhammad Alshya Awaludin', 21, '2025-05-05 01:30:25', '2025-05-05 01:30:25'),
(456, 457, '220444180010', 'Muhammad Dewanto Adi Pangestu', 21, '2025-05-05 01:30:25', '2025-05-05 01:30:25'),
(457, 458, '220444180008', 'Muhammad Hanif Ridho', 21, '2025-05-05 01:30:25', '2025-05-05 01:30:25'),
(458, 459, '220444180004', 'Nasywa Rani Hapsari', 21, '2025-05-05 01:30:25', '2025-05-05 01:30:25'),
(459, 460, '220444180025', 'Nova Rahmawati', 21, '2025-05-05 01:30:25', '2025-05-05 01:30:25'),
(460, 461, '220444180013', 'Rendi Apriatama', 21, '2025-05-05 01:30:25', '2025-05-05 01:30:25'),
(461, 462, '220444180014', 'Wiwin Setyaningrum', 21, '2025-05-05 01:30:25', '2025-05-05 01:30:25'),
(462, 463, '220444180016', 'Bintang Anggara', 21, '2025-05-05 01:30:25', '2025-05-05 01:30:25');

-- --------------------------------------------------------

--
-- Table structure for table `prodi`
--

CREATE TABLE `prodi` (
  `id` int NOT NULL,
  `prodi` varchar(100) NOT NULL,
  `kelas` varchar(20) NOT NULL,
  `tingkat` varchar(50) NOT NULL,
  `created_at` timestamp NULL DEFAULT CURRENT_TIMESTAMP,
  `updated_at` timestamp NULL DEFAULT CURRENT_TIMESTAMP ON UPDATE CURRENT_TIMESTAMP
) ENGINE=InnoDB DEFAULT CHARSET=utf8mb4 COLLATE=utf8mb4_0900_ai_ci;

--
-- Dumping data for table `prodi`
--

INSERT INTO `prodi` (`id`, `prodi`, `kelas`, `tingkat`, `created_at`, `updated_at`) VALUES
(1, 'Administrasi Bisnis', 'AB 18111', 'Tingkat 1', '2025-05-05 01:15:58', '2025-05-05 01:15:58'),
(2, 'Administrasi Bisnis Internasional', 'ABI 18512', 'Tingkat 1', '2025-05-05 01:15:58', '2025-05-05 01:15:58'),
(3, 'Administrasi Bisnis Internasional', 'ABI 18511', 'Tingkat 1', '2025-05-05 01:15:58', '2025-05-05 01:15:58'),
(4, 'Bisnis Digital', 'BD 18611', 'Tingkat 1', '2025-05-05 01:15:58', '2025-05-05 01:15:58'),
(5, 'Hubungan Masyarakat', 'HM 18311', 'Tingkat 1', '2025-05-05 01:15:58', '2025-05-05 01:15:58'),
(6, 'Komputerisasi Akuntansi', 'KA 18211', 'Tingkat 1', '2025-05-05 01:15:58', '2025-05-05 01:15:58'),
(7, 'Manajemen Informatika', 'MI 18411', 'Tingkat 1', '2025-05-05 01:15:58', '2025-05-05 01:15:58'),
(8, 'Administrasi Bisnis', 'AB 18121', 'Tingkat 2', '2025-05-05 01:15:58', '2025-05-05 01:15:58'),
(9, 'Administrasi Bisnis', 'AB 18122', 'Tingkat 2', '2025-05-05 01:15:58', '2025-05-05 01:15:58'),
(10, 'Administrasi Bisnis Internasional', 'ABI 18521', 'Tingkat 2', '2025-05-05 01:15:58', '2025-05-05 01:15:58'),
(11, 'Administrasi Bisnis Internasional', 'ABI 18522', 'Tingkat 2', '2025-05-05 01:15:58', '2025-05-05 01:15:58'),
(12, 'Bisnis Digital', 'BD 18621', 'Tingkat 2', '2025-05-05 01:15:58', '2025-05-05 01:15:58'),
(13, 'Hubungan Masyarakat', 'HM 18321', 'Tingkat 2', '2025-05-05 01:15:58', '2025-05-05 01:15:58'),
(14, 'Komputerisasi Akuntansi', 'KA 18221', 'Tingkat 2', '2025-05-05 01:15:58', '2025-05-05 01:15:58'),
(15, 'Komputerisasi Akuntansi', 'KA 18222', 'Tingkat 2', '2025-05-05 01:15:58', '2025-05-05 01:15:58'),
(16, 'Manajemen Informatika', 'MI 18421', 'Tingkat 2', '2025-05-05 01:15:58', '2025-05-05 01:15:58'),
(17, 'Administrasi Bisnis', 'AB 18131', 'Tingkat 3', '2025-05-05 01:15:58', '2025-05-05 01:15:58'),
(18, 'Administrasi Bisnis', 'AB 18132', 'Tingkat 3', '2025-05-05 01:15:58', '2025-05-05 01:15:58'),
(19, 'Hubungan Masyarakat', 'HM 18331', 'Tingkat 3', '2025-05-05 01:15:58', '2025-05-05 01:15:58'),
(20, 'Komputerisasi Akuntansi', 'KA 18231', 'Tingkat 3', '2025-05-05 01:15:58', '2025-05-05 01:15:58'),
(21, 'Manajemen Informatika', 'MI 18431', 'Tingkat 3', '2025-05-05 01:15:58', '2025-05-05 01:15:58');

-- --------------------------------------------------------

--
-- Table structure for table `user`
--

CREATE TABLE `user` (
  `id` int NOT NULL,
  `username` varchar(100) NOT NULL,
  `password` varchar(255) NOT NULL,
  `role` enum('Admin','Dosen','Mahasiswa','Pembimbing Akademik') NOT NULL,
  `created_at` timestamp NULL DEFAULT CURRENT_TIMESTAMP,
  `updated_at` timestamp NULL DEFAULT CURRENT_TIMESTAMP ON UPDATE CURRENT_TIMESTAMP
) ENGINE=InnoDB DEFAULT CHARSET=utf8mb4 COLLATE=utf8mb4_0900_ai_ci;

--
-- Dumping data for table `user`
--

INSERT INTO `user` (`id`, `username`, `password`, `role`, `created_at`, `updated_at`) VALUES
(1, 'Admin', '$2y$10$iBg619sXqRmhcAHuVAe2iOEKQsmSRkKPs/Ec1ZIKR5ivZKVEacWAC', 'Admin', '2025-05-05 00:59:42', '2025-05-05 00:59:42'),
(2, '240111180004', '$2y$10$oriOqZ1ucFjoWXHK9qAioOEPNEl8gFtlLbEnqbAtdsWXWNeaVVdAm', 'Mahasiswa', '2025-05-05 00:59:42', '2025-05-05 00:59:42'),
(3, '240111180008', '$2y$10$oriOqZ1ucFjoWXHK9qAioOEPNEl8gFtlLbEnqbAtdsWXWNeaVVdAm', 'Mahasiswa', '2025-05-05 00:59:42', '2025-05-05 00:59:42'),
(4, '240111180010', '$2y$10$oriOqZ1ucFjoWXHK9qAioOEPNEl8gFtlLbEnqbAtdsWXWNeaVVdAm', 'Mahasiswa', '2025-05-05 00:59:42', '2025-05-05 00:59:42'),
(5, '240111180007', '$2y$10$oriOqZ1ucFjoWXHK9qAioOEPNEl8gFtlLbEnqbAtdsWXWNeaVVdAm', 'Mahasiswa', '2025-05-05 00:59:42', '2025-05-05 00:59:42'),
(6, '240111180021', '$2y$10$oriOqZ1ucFjoWXHK9qAioOEPNEl8gFtlLbEnqbAtdsWXWNeaVVdAm', 'Mahasiswa', '2025-05-05 00:59:42', '2025-05-05 00:59:42'),
(7, '240111180003', '$2y$10$oriOqZ1ucFjoWXHK9qAioOEPNEl8gFtlLbEnqbAtdsWXWNeaVVdAm', 'Mahasiswa', '2025-05-05 00:59:42', '2025-05-05 00:59:42'),
(8, '240111180006', '$2y$10$oriOqZ1ucFjoWXHK9qAioOEPNEl8gFtlLbEnqbAtdsWXWNeaVVdAm', 'Mahasiswa', '2025-05-05 00:59:42', '2025-05-05 00:59:42'),
(9, '240111180026', '$2y$10$oriOqZ1ucFjoWXHK9qAioOEPNEl8gFtlLbEnqbAtdsWXWNeaVVdAm', 'Mahasiswa', '2025-05-05 00:59:42', '2025-05-05 00:59:42'),
(10, '240111180014', '$2y$10$oriOqZ1ucFjoWXHK9qAioOEPNEl8gFtlLbEnqbAtdsWXWNeaVVdAm', 'Mahasiswa', '2025-05-05 00:59:42', '2025-05-05 00:59:42'),
(11, '240111180022', '$2y$10$oriOqZ1ucFjoWXHK9qAioOEPNEl8gFtlLbEnqbAtdsWXWNeaVVdAm', 'Mahasiswa', '2025-05-05 00:59:42', '2025-05-05 00:59:42'),
(12, '240111180027', '$2y$10$oriOqZ1ucFjoWXHK9qAioOEPNEl8gFtlLbEnqbAtdsWXWNeaVVdAm', 'Mahasiswa', '2025-05-05 00:59:42', '2025-05-05 00:59:42'),
(13, '240111180015', '$2y$10$oriOqZ1ucFjoWXHK9qAioOEPNEl8gFtlLbEnqbAtdsWXWNeaVVdAm', 'Mahasiswa', '2025-05-05 00:59:42', '2025-05-05 00:59:42'),
(14, '240111180002', '$2y$10$oriOqZ1ucFjoWXHK9qAioOEPNEl8gFtlLbEnqbAtdsWXWNeaVVdAm', 'Mahasiswa', '2025-05-05 00:59:42', '2025-05-05 00:59:42'),
(15, '240111180025', '$2y$10$oriOqZ1ucFjoWXHK9qAioOEPNEl8gFtlLbEnqbAtdsWXWNeaVVdAm', 'Mahasiswa', '2025-05-05 00:59:42', '2025-05-05 00:59:42'),
(16, '240111180012', '$2y$10$oriOqZ1ucFjoWXHK9qAioOEPNEl8gFtlLbEnqbAtdsWXWNeaVVdAm', 'Mahasiswa', '2025-05-05 00:59:42', '2025-05-05 00:59:42'),
(17, '240111180011', '$2y$10$oriOqZ1ucFjoWXHK9qAioOEPNEl8gFtlLbEnqbAtdsWXWNeaVVdAm', 'Mahasiswa', '2025-05-05 00:59:42', '2025-05-05 00:59:42'),
(18, '240111180023', '$2y$10$oriOqZ1ucFjoWXHK9qAioOEPNEl8gFtlLbEnqbAtdsWXWNeaVVdAm', 'Mahasiswa', '2025-05-05 00:59:42', '2025-05-05 00:59:42'),
(19, '240111180020', '$2y$10$oriOqZ1ucFjoWXHK9qAioOEPNEl8gFtlLbEnqbAtdsWXWNeaVVdAm', 'Mahasiswa', '2025-05-05 00:59:42', '2025-05-05 00:59:42'),
(20, '240111180019', '$2y$10$oriOqZ1ucFjoWXHK9qAioOEPNEl8gFtlLbEnqbAtdsWXWNeaVVdAm', 'Mahasiswa', '2025-05-05 00:59:42', '2025-05-05 00:59:42'),
(21, '240111180001', '$2y$10$oriOqZ1ucFjoWXHK9qAioOEPNEl8gFtlLbEnqbAtdsWXWNeaVVdAm', 'Mahasiswa', '2025-05-05 00:59:42', '2025-05-05 00:59:42'),
(22, '240111180016', '$2y$10$oriOqZ1ucFjoWXHK9qAioOEPNEl8gFtlLbEnqbAtdsWXWNeaVVdAm', 'Mahasiswa', '2025-05-05 00:59:42', '2025-05-05 00:59:42'),
(23, '240111180005', '$2y$10$oriOqZ1ucFjoWXHK9qAioOEPNEl8gFtlLbEnqbAtdsWXWNeaVVdAm', 'Mahasiswa', '2025-05-05 00:59:42', '2025-05-05 00:59:42'),
(24, '230111180046', '$2y$10$oriOqZ1ucFjoWXHK9qAioOEPNEl8gFtlLbEnqbAtdsWXWNeaVVdAm', 'Mahasiswa', '2025-05-05 00:59:42', '2025-05-05 00:59:42'),
(25, '240221180007', '$2y$10$oriOqZ1ucFjoWXHK9qAioOEPNEl8gFtlLbEnqbAtdsWXWNeaVVdAm', 'Mahasiswa', '2025-05-05 00:59:42', '2025-05-05 00:59:42'),
(26, '240221180003', '$2y$10$oriOqZ1ucFjoWXHK9qAioOEPNEl8gFtlLbEnqbAtdsWXWNeaVVdAm', 'Mahasiswa', '2025-05-05 00:59:42', '2025-05-05 00:59:42'),
(27, '240221180012', '$2y$10$oriOqZ1ucFjoWXHK9qAioOEPNEl8gFtlLbEnqbAtdsWXWNeaVVdAm', 'Mahasiswa', '2025-05-05 00:59:42', '2025-05-05 00:59:42'),
(28, '240221180006', '$2y$10$oriOqZ1ucFjoWXHK9qAioOEPNEl8gFtlLbEnqbAtdsWXWNeaVVdAm', 'Mahasiswa', '2025-05-05 00:59:42', '2025-05-05 00:59:42'),
(29, '240221180017', '$2y$10$oriOqZ1ucFjoWXHK9qAioOEPNEl8gFtlLbEnqbAtdsWXWNeaVVdAm', 'Mahasiswa', '2025-05-05 00:59:42', '2025-05-05 00:59:42'),
(30, '240221180009', '$2y$10$oriOqZ1ucFjoWXHK9qAioOEPNEl8gFtlLbEnqbAtdsWXWNeaVVdAm', 'Mahasiswa', '2025-05-05 00:59:42', '2025-05-05 00:59:42'),
(31, '240221180004', '$2y$10$oriOqZ1ucFjoWXHK9qAioOEPNEl8gFtlLbEnqbAtdsWXWNeaVVdAm', 'Mahasiswa', '2025-05-05 00:59:42', '2025-05-05 00:59:42'),
(32, '240221180008', '$2y$10$oriOqZ1ucFjoWXHK9qAioOEPNEl8gFtlLbEnqbAtdsWXWNeaVVdAm', 'Mahasiswa', '2025-05-05 00:59:42', '2025-05-05 00:59:42'),
(33, '240221180013', '$2y$10$oriOqZ1ucFjoWXHK9qAioOEPNEl8gFtlLbEnqbAtdsWXWNeaVVdAm', 'Mahasiswa', '2025-05-05 00:59:42', '2025-05-05 00:59:42'),
(34, '240221180001', '$2y$10$oriOqZ1ucFjoWXHK9qAioOEPNEl8gFtlLbEnqbAtdsWXWNeaVVdAm', 'Mahasiswa', '2025-05-05 00:59:42', '2025-05-05 00:59:42'),
(35, '240221180010', '$2y$10$oriOqZ1ucFjoWXHK9qAioOEPNEl8gFtlLbEnqbAtdsWXWNeaVVdAm', 'Mahasiswa', '2025-05-05 00:59:42', '2025-05-05 00:59:42'),
(36, '240221180005', '$2y$10$oriOqZ1ucFjoWXHK9qAioOEPNEl8gFtlLbEnqbAtdsWXWNeaVVdAm', 'Mahasiswa', '2025-05-05 00:59:42', '2025-05-05 00:59:42'),
(37, '240221180015', '$2y$10$oriOqZ1ucFjoWXHK9qAioOEPNEl8gFtlLbEnqbAtdsWXWNeaVVdAm', 'Mahasiswa', '2025-05-05 00:59:42', '2025-05-05 00:59:42'),
(38, '240221180016', '$2y$10$oriOqZ1ucFjoWXHK9qAioOEPNEl8gFtlLbEnqbAtdsWXWNeaVVdAm', 'Mahasiswa', '2025-05-05 00:59:42', '2025-05-05 00:59:42'),
(39, '240221180014', '$2y$10$oriOqZ1ucFjoWXHK9qAioOEPNEl8gFtlLbEnqbAtdsWXWNeaVVdAm', 'Mahasiswa', '2025-05-05 00:59:42', '2025-05-05 00:59:42'),
(40, '240221180002', '$2y$10$oriOqZ1ucFjoWXHK9qAioOEPNEl8gFtlLbEnqbAtdsWXWNeaVVdAm', 'Mahasiswa', '2025-05-05 00:59:42', '2025-05-05 00:59:42'),
(41, '240331180011', '$2y$10$oriOqZ1ucFjoWXHK9qAioOEPNEl8gFtlLbEnqbAtdsWXWNeaVVdAm', 'Mahasiswa', '2025-05-05 00:59:42', '2025-05-05 00:59:42'),
(42, '240331180006', '$2y$10$oriOqZ1ucFjoWXHK9qAioOEPNEl8gFtlLbEnqbAtdsWXWNeaVVdAm', 'Mahasiswa', '2025-05-05 00:59:42', '2025-05-05 00:59:42'),
(43, '240331180010', '$2y$10$oriOqZ1ucFjoWXHK9qAioOEPNEl8gFtlLbEnqbAtdsWXWNeaVVdAm', 'Mahasiswa', '2025-05-05 00:59:42', '2025-05-05 00:59:42'),
(44, '240331180017', '$2y$10$oriOqZ1ucFjoWXHK9qAioOEPNEl8gFtlLbEnqbAtdsWXWNeaVVdAm', 'Mahasiswa', '2025-05-05 00:59:42', '2025-05-05 00:59:42'),
(45, '240331180014', '$2y$10$oriOqZ1ucFjoWXHK9qAioOEPNEl8gFtlLbEnqbAtdsWXWNeaVVdAm', 'Mahasiswa', '2025-05-05 00:59:42', '2025-05-05 00:59:42'),
(46, '240331180001', '$2y$10$oriOqZ1ucFjoWXHK9qAioOEPNEl8gFtlLbEnqbAtdsWXWNeaVVdAm', 'Mahasiswa', '2025-05-05 00:59:42', '2025-05-05 00:59:42'),
(47, '240331180005', '$2y$10$oriOqZ1ucFjoWXHK9qAioOEPNEl8gFtlLbEnqbAtdsWXWNeaVVdAm', 'Mahasiswa', '2025-05-05 00:59:42', '2025-05-05 00:59:42'),
(48, '240331180009', '$2y$10$oriOqZ1ucFjoWXHK9qAioOEPNEl8gFtlLbEnqbAtdsWXWNeaVVdAm', 'Mahasiswa', '2025-05-05 00:59:42', '2025-05-05 00:59:42'),
(49, '240331180004', '$2y$10$oriOqZ1ucFjoWXHK9qAioOEPNEl8gFtlLbEnqbAtdsWXWNeaVVdAm', 'Mahasiswa', '2025-05-05 00:59:42', '2025-05-05 00:59:42'),
(50, '240331180013', '$2y$10$oriOqZ1ucFjoWXHK9qAioOEPNEl8gFtlLbEnqbAtdsWXWNeaVVdAm', 'Mahasiswa', '2025-05-05 00:59:42', '2025-05-05 00:59:42'),
(51, '240331180008', '$2y$10$oriOqZ1ucFjoWXHK9qAioOEPNEl8gFtlLbEnqbAtdsWXWNeaVVdAm', 'Mahasiswa', '2025-05-05 00:59:42', '2025-05-05 00:59:42'),
(52, '240331180015', '$2y$10$oriOqZ1ucFjoWXHK9qAioOEPNEl8gFtlLbEnqbAtdsWXWNeaVVdAm', 'Mahasiswa', '2025-05-05 00:59:42', '2025-05-05 00:59:42'),
(53, '240331180007', '$2y$10$oriOqZ1ucFjoWXHK9qAioOEPNEl8gFtlLbEnqbAtdsWXWNeaVVdAm', 'Mahasiswa', '2025-05-05 00:59:42', '2025-05-05 00:59:42'),
(54, '240331180012', '$2y$10$oriOqZ1ucFjoWXHK9qAioOEPNEl8gFtlLbEnqbAtdsWXWNeaVVdAm', 'Mahasiswa', '2025-05-05 00:59:42', '2025-05-05 00:59:42'),
(55, '230331180003', '$2y$10$oriOqZ1ucFjoWXHK9qAioOEPNEl8gFtlLbEnqbAtdsWXWNeaVVdAm', 'Mahasiswa', '2025-05-05 00:59:42', '2025-05-05 00:59:42'),
(56, '240444180008', '$2y$10$oriOqZ1ucFjoWXHK9qAioOEPNEl8gFtlLbEnqbAtdsWXWNeaVVdAm', 'Mahasiswa', '2025-05-05 00:59:42', '2025-05-05 00:59:42'),
(57, '240444180006', '$2y$10$oriOqZ1ucFjoWXHK9qAioOEPNEl8gFtlLbEnqbAtdsWXWNeaVVdAm', 'Mahasiswa', '2025-05-05 00:59:42', '2025-05-05 00:59:42'),
(58, '240444180005', '$2y$10$oriOqZ1ucFjoWXHK9qAioOEPNEl8gFtlLbEnqbAtdsWXWNeaVVdAm', 'Mahasiswa', '2025-05-05 00:59:42', '2025-05-05 00:59:42'),
(59, '240444180001', '$2y$10$oriOqZ1ucFjoWXHK9qAioOEPNEl8gFtlLbEnqbAtdsWXWNeaVVdAm', 'Mahasiswa', '2025-05-05 00:59:42', '2025-05-05 00:59:42'),
(60, '240444180007', '$2y$10$oriOqZ1ucFjoWXHK9qAioOEPNEl8gFtlLbEnqbAtdsWXWNeaVVdAm', 'Mahasiswa', '2025-05-05 00:59:42', '2025-05-05 00:59:42'),
(61, '240444180016', '$2y$10$oriOqZ1ucFjoWXHK9qAioOEPNEl8gFtlLbEnqbAtdsWXWNeaVVdAm', 'Mahasiswa', '2025-05-05 00:59:42', '2025-05-05 00:59:42'),
(62, '240444180013', '$2y$10$oriOqZ1ucFjoWXHK9qAioOEPNEl8gFtlLbEnqbAtdsWXWNeaVVdAm', 'Mahasiswa', '2025-05-05 00:59:42', '2025-05-05 00:59:42'),
(63, '240444180002', '$2y$10$oriOqZ1ucFjoWXHK9qAioOEPNEl8gFtlLbEnqbAtdsWXWNeaVVdAm', 'Mahasiswa', '2025-05-05 00:59:42', '2025-05-05 00:59:42'),
(64, '240444180015', '$2y$10$oriOqZ1ucFjoWXHK9qAioOEPNEl8gFtlLbEnqbAtdsWXWNeaVVdAm', 'Mahasiswa', '2025-05-05 00:59:42', '2025-05-05 00:59:42'),
(65, '240444180009', '$2y$10$oriOqZ1ucFjoWXHK9qAioOEPNEl8gFtlLbEnqbAtdsWXWNeaVVdAm', 'Mahasiswa', '2025-05-05 00:59:42', '2025-05-05 00:59:42'),
(66, '240444180011', '$2y$10$oriOqZ1ucFjoWXHK9qAioOEPNEl8gFtlLbEnqbAtdsWXWNeaVVdAm', 'Mahasiswa', '2025-05-05 00:59:42', '2025-05-05 00:59:42'),
(67, '240444180017', '$2y$10$oriOqZ1ucFjoWXHK9qAioOEPNEl8gFtlLbEnqbAtdsWXWNeaVVdAm', 'Mahasiswa', '2025-05-05 00:59:42', '2025-05-05 00:59:42'),
(68, '240444180014', '$2y$10$oriOqZ1ucFjoWXHK9qAioOEPNEl8gFtlLbEnqbAtdsWXWNeaVVdAm', 'Mahasiswa', '2025-05-05 00:59:42', '2025-05-05 00:59:42'),
(69, '240444180003', '$2y$10$oriOqZ1ucFjoWXHK9qAioOEPNEl8gFtlLbEnqbAtdsWXWNeaVVdAm', 'Mahasiswa', '2025-05-05 00:59:42', '2025-05-05 00:59:42'),
(70, '240551180008', '$2y$10$oriOqZ1ucFjoWXHK9qAioOEPNEl8gFtlLbEnqbAtdsWXWNeaVVdAm', 'Mahasiswa', '2025-05-05 00:59:42', '2025-05-05 00:59:42'),
(71, '240551180037', '$2y$10$oriOqZ1ucFjoWXHK9qAioOEPNEl8gFtlLbEnqbAtdsWXWNeaVVdAm', 'Mahasiswa', '2025-05-05 00:59:42', '2025-05-05 00:59:42'),
(72, '240551180044', '$2y$10$oriOqZ1ucFjoWXHK9qAioOEPNEl8gFtlLbEnqbAtdsWXWNeaVVdAm', 'Mahasiswa', '2025-05-05 00:59:42', '2025-05-05 00:59:42'),
(73, '240551180035', '$2y$10$oriOqZ1ucFjoWXHK9qAioOEPNEl8gFtlLbEnqbAtdsWXWNeaVVdAm', 'Mahasiswa', '2025-05-05 00:59:42', '2025-05-05 00:59:42'),
(74, '240551180020', '$2y$10$oriOqZ1ucFjoWXHK9qAioOEPNEl8gFtlLbEnqbAtdsWXWNeaVVdAm', 'Mahasiswa', '2025-05-05 00:59:42', '2025-05-05 00:59:42'),
(75, '240551180047', '$2y$10$oriOqZ1ucFjoWXHK9qAioOEPNEl8gFtlLbEnqbAtdsWXWNeaVVdAm', 'Mahasiswa', '2025-05-05 00:59:42', '2025-05-05 00:59:42'),
(76, '240551180042', '$2y$10$oriOqZ1ucFjoWXHK9qAioOEPNEl8gFtlLbEnqbAtdsWXWNeaVVdAm', 'Mahasiswa', '2025-05-05 00:59:42', '2025-05-05 00:59:42'),
(77, '240551180002', '$2y$10$oriOqZ1ucFjoWXHK9qAioOEPNEl8gFtlLbEnqbAtdsWXWNeaVVdAm', 'Mahasiswa', '2025-05-05 00:59:42', '2025-05-05 00:59:42'),
(78, '240551180009', '$2y$10$oriOqZ1ucFjoWXHK9qAioOEPNEl8gFtlLbEnqbAtdsWXWNeaVVdAm', 'Mahasiswa', '2025-05-05 00:59:42', '2025-05-05 00:59:42'),
(79, '240551180012', '$2y$10$oriOqZ1ucFjoWXHK9qAioOEPNEl8gFtlLbEnqbAtdsWXWNeaVVdAm', 'Mahasiswa', '2025-05-05 00:59:42', '2025-05-05 00:59:42'),
(80, '240551180005', '$2y$10$oriOqZ1ucFjoWXHK9qAioOEPNEl8gFtlLbEnqbAtdsWXWNeaVVdAm', 'Mahasiswa', '2025-05-05 00:59:42', '2025-05-05 00:59:42'),
(81, '240551180059', '$2y$10$oriOqZ1ucFjoWXHK9qAioOEPNEl8gFtlLbEnqbAtdsWXWNeaVVdAm', 'Mahasiswa', '2025-05-05 00:59:42', '2025-05-05 00:59:42'),
(82, '240551180051', '$2y$10$oriOqZ1ucFjoWXHK9qAioOEPNEl8gFtlLbEnqbAtdsWXWNeaVVdAm', 'Mahasiswa', '2025-05-05 00:59:42', '2025-05-05 00:59:42'),
(83, '240551180050', '$2y$10$oriOqZ1ucFjoWXHK9qAioOEPNEl8gFtlLbEnqbAtdsWXWNeaVVdAm', 'Mahasiswa', '2025-05-05 00:59:42', '2025-05-05 00:59:42'),
(84, '240551180056', '$2y$10$oriOqZ1ucFjoWXHK9qAioOEPNEl8gFtlLbEnqbAtdsWXWNeaVVdAm', 'Mahasiswa', '2025-05-05 00:59:42', '2025-05-05 00:59:42'),
(85, '240551180054', '$2y$10$oriOqZ1ucFjoWXHK9qAioOEPNEl8gFtlLbEnqbAtdsWXWNeaVVdAm', 'Mahasiswa', '2025-05-05 00:59:42', '2025-05-05 00:59:42'),
(86, '240551180017', '$2y$10$oriOqZ1ucFjoWXHK9qAioOEPNEl8gFtlLbEnqbAtdsWXWNeaVVdAm', 'Mahasiswa', '2025-05-05 00:59:42', '2025-05-05 00:59:42'),
(87, '240551180024', '$2y$10$oriOqZ1ucFjoWXHK9qAioOEPNEl8gFtlLbEnqbAtdsWXWNeaVVdAm', 'Mahasiswa', '2025-05-05 00:59:42', '2025-05-05 00:59:42'),
(88, '240551180032', '$2y$10$oriOqZ1ucFjoWXHK9qAioOEPNEl8gFtlLbEnqbAtdsWXWNeaVVdAm', 'Mahasiswa', '2025-05-05 00:59:42', '2025-05-05 00:59:42'),
(89, '240551180043', '$2y$10$oriOqZ1ucFjoWXHK9qAioOEPNEl8gFtlLbEnqbAtdsWXWNeaVVdAm', 'Mahasiswa', '2025-05-05 00:59:42', '2025-05-05 00:59:42'),
(90, '240551180033', '$2y$10$oriOqZ1ucFjoWXHK9qAioOEPNEl8gFtlLbEnqbAtdsWXWNeaVVdAm', 'Mahasiswa', '2025-05-05 00:59:42', '2025-05-05 00:59:42'),
(91, '240551180045', '$2y$10$oriOqZ1ucFjoWXHK9qAioOEPNEl8gFtlLbEnqbAtdsWXWNeaVVdAm', 'Mahasiswa', '2025-05-05 00:59:42', '2025-05-05 00:59:42'),
(92, '240551180053', '$2y$10$oriOqZ1ucFjoWXHK9qAioOEPNEl8gFtlLbEnqbAtdsWXWNeaVVdAm', 'Mahasiswa', '2025-05-05 00:59:42', '2025-05-05 00:59:42'),
(93, '240551180019', '$2y$10$oriOqZ1ucFjoWXHK9qAioOEPNEl8gFtlLbEnqbAtdsWXWNeaVVdAm', 'Mahasiswa', '2025-05-05 00:59:42', '2025-05-05 00:59:42'),
(94, '240551180036', '$2y$10$oriOqZ1ucFjoWXHK9qAioOEPNEl8gFtlLbEnqbAtdsWXWNeaVVdAm', 'Mahasiswa', '2025-05-05 00:59:42', '2025-05-05 00:59:42'),
(95, '240551180052', '$2y$10$oriOqZ1ucFjoWXHK9qAioOEPNEl8gFtlLbEnqbAtdsWXWNeaVVdAm', 'Mahasiswa', '2025-05-05 00:59:42', '2025-05-05 00:59:42'),
(96, '240551180006', '$2y$10$oriOqZ1ucFjoWXHK9qAioOEPNEl8gFtlLbEnqbAtdsWXWNeaVVdAm', 'Mahasiswa', '2025-05-05 00:59:42', '2025-05-05 00:59:42'),
(97, '240551180018', '$2y$10$oriOqZ1ucFjoWXHK9qAioOEPNEl8gFtlLbEnqbAtdsWXWNeaVVdAm', 'Mahasiswa', '2025-05-05 00:59:42', '2025-05-05 00:59:42'),
(98, '240551180027', '$2y$10$oriOqZ1ucFjoWXHK9qAioOEPNEl8gFtlLbEnqbAtdsWXWNeaVVdAm', 'Mahasiswa', '2025-05-05 00:59:42', '2025-05-05 00:59:42'),
(99, '240551180015', '$2y$10$oriOqZ1ucFjoWXHK9qAioOEPNEl8gFtlLbEnqbAtdsWXWNeaVVdAm', 'Mahasiswa', '2025-05-05 00:59:42', '2025-05-05 00:59:42'),
(100, '240551180040', '$2y$10$oriOqZ1ucFjoWXHK9qAioOEPNEl8gFtlLbEnqbAtdsWXWNeaVVdAm', 'Mahasiswa', '2025-05-05 00:59:42', '2025-05-05 00:59:42'),
(101, '240551180021', '$2y$10$oriOqZ1ucFjoWXHK9qAioOEPNEl8gFtlLbEnqbAtdsWXWNeaVVdAm', 'Mahasiswa', '2025-05-05 00:59:42', '2025-05-05 00:59:42'),
(102, '240551180029', '$2y$10$oriOqZ1ucFjoWXHK9qAioOEPNEl8gFtlLbEnqbAtdsWXWNeaVVdAm', 'Mahasiswa', '2025-05-05 00:59:42', '2025-05-05 00:59:42'),
(103, '240551180013', '$2y$10$oriOqZ1ucFjoWXHK9qAioOEPNEl8gFtlLbEnqbAtdsWXWNeaVVdAm', 'Mahasiswa', '2025-05-05 00:59:42', '2025-05-05 00:59:42'),
(104, '240551180039', '$2y$10$oriOqZ1ucFjoWXHK9qAioOEPNEl8gFtlLbEnqbAtdsWXWNeaVVdAm', 'Mahasiswa', '2025-05-05 00:59:42', '2025-05-05 00:59:42'),
(105, '240551180014', '$2y$10$oriOqZ1ucFjoWXHK9qAioOEPNEl8gFtlLbEnqbAtdsWXWNeaVVdAm', 'Mahasiswa', '2025-05-05 00:59:42', '2025-05-05 00:59:42'),
(106, '240551180048', '$2y$10$oriOqZ1ucFjoWXHK9qAioOEPNEl8gFtlLbEnqbAtdsWXWNeaVVdAm', 'Mahasiswa', '2025-05-05 00:59:42', '2025-05-05 00:59:42'),
(107, '240551180016', '$2y$10$oriOqZ1ucFjoWXHK9qAioOEPNEl8gFtlLbEnqbAtdsWXWNeaVVdAm', 'Mahasiswa', '2025-05-05 00:59:42', '2025-05-05 00:59:42'),
(108, '240551180022', '$2y$10$oriOqZ1ucFjoWXHK9qAioOEPNEl8gFtlLbEnqbAtdsWXWNeaVVdAm', 'Mahasiswa', '2025-05-05 00:59:42', '2025-05-05 00:59:42'),
(109, '240551020052', '$2y$10$oriOqZ1ucFjoWXHK9qAioOEPNEl8gFtlLbEnqbAtdsWXWNeaVVdAm', 'Mahasiswa', '2025-05-05 00:59:42', '2025-05-05 00:59:42'),
(110, '240551180025', '$2y$10$oriOqZ1ucFjoWXHK9qAioOEPNEl8gFtlLbEnqbAtdsWXWNeaVVdAm', 'Mahasiswa', '2025-05-05 00:59:42', '2025-05-05 00:59:42'),
(111, '240551180001', '$2y$10$oriOqZ1ucFjoWXHK9qAioOEPNEl8gFtlLbEnqbAtdsWXWNeaVVdAm', 'Mahasiswa', '2025-05-05 00:59:42', '2025-05-05 00:59:42'),
(112, '240551180028', '$2y$10$oriOqZ1ucFjoWXHK9qAioOEPNEl8gFtlLbEnqbAtdsWXWNeaVVdAm', 'Mahasiswa', '2025-05-05 00:59:42', '2025-05-05 00:59:42'),
(113, '240551180055', '$2y$10$oriOqZ1ucFjoWXHK9qAioOEPNEl8gFtlLbEnqbAtdsWXWNeaVVdAm', 'Mahasiswa', '2025-05-05 00:59:42', '2025-05-05 00:59:42'),
(114, '240551180031', '$2y$10$oriOqZ1ucFjoWXHK9qAioOEPNEl8gFtlLbEnqbAtdsWXWNeaVVdAm', 'Mahasiswa', '2025-05-05 00:59:42', '2025-05-05 00:59:42'),
(115, '240551180034', '$2y$10$oriOqZ1ucFjoWXHK9qAioOEPNEl8gFtlLbEnqbAtdsWXWNeaVVdAm', 'Mahasiswa', '2025-05-05 00:59:42', '2025-05-05 00:59:42'),
(116, '240551180011', '$2y$10$oriOqZ1ucFjoWXHK9qAioOEPNEl8gFtlLbEnqbAtdsWXWNeaVVdAm', 'Mahasiswa', '2025-05-05 00:59:42', '2025-05-05 00:59:42'),
(117, '240551180057', '$2y$10$oriOqZ1ucFjoWXHK9qAioOEPNEl8gFtlLbEnqbAtdsWXWNeaVVdAm', 'Mahasiswa', '2025-05-05 00:59:42', '2025-05-05 00:59:42'),
(118, '240551020034', '$2y$10$oriOqZ1ucFjoWXHK9qAioOEPNEl8gFtlLbEnqbAtdsWXWNeaVVdAm', 'Mahasiswa', '2025-05-05 00:59:42', '2025-05-05 00:59:42'),
(119, '240551180003', '$2y$10$oriOqZ1ucFjoWXHK9qAioOEPNEl8gFtlLbEnqbAtdsWXWNeaVVdAm', 'Mahasiswa', '2025-05-05 00:59:42', '2025-05-05 00:59:42'),
(120, '240551180049', '$2y$10$oriOqZ1ucFjoWXHK9qAioOEPNEl8gFtlLbEnqbAtdsWXWNeaVVdAm', 'Mahasiswa', '2025-05-05 00:59:42', '2025-05-05 00:59:42'),
(121, '240551180004', '$2y$10$oriOqZ1ucFjoWXHK9qAioOEPNEl8gFtlLbEnqbAtdsWXWNeaVVdAm', 'Mahasiswa', '2025-05-05 00:59:42', '2025-05-05 00:59:42'),
(122, '240551180007', '$2y$10$oriOqZ1ucFjoWXHK9qAioOEPNEl8gFtlLbEnqbAtdsWXWNeaVVdAm', 'Mahasiswa', '2025-05-05 00:59:42', '2025-05-05 00:59:42'),
(123, '240551180038', '$2y$10$oriOqZ1ucFjoWXHK9qAioOEPNEl8gFtlLbEnqbAtdsWXWNeaVVdAm', 'Mahasiswa', '2025-05-05 00:59:42', '2025-05-05 00:59:42'),
(124, '240551180058', '$2y$10$oriOqZ1ucFjoWXHK9qAioOEPNEl8gFtlLbEnqbAtdsWXWNeaVVdAm', 'Mahasiswa', '2025-05-05 00:59:42', '2025-05-05 00:59:42'),
(125, '240551180030', '$2y$10$oriOqZ1ucFjoWXHK9qAioOEPNEl8gFtlLbEnqbAtdsWXWNeaVVdAm', 'Mahasiswa', '2025-05-05 00:59:42', '2025-05-05 00:59:42'),
(126, '230221180029', '$2y$10$oriOqZ1ucFjoWXHK9qAioOEPNEl8gFtlLbEnqbAtdsWXWNeaVVdAm', 'Mahasiswa', '2025-05-05 00:59:42', '2025-05-05 00:59:42'),
(127, '240661180013', '$2y$10$oriOqZ1ucFjoWXHK9qAioOEPNEl8gFtlLbEnqbAtdsWXWNeaVVdAm', 'Mahasiswa', '2025-05-05 00:59:42', '2025-05-05 00:59:42'),
(128, '240661180014', '$2y$10$oriOqZ1ucFjoWXHK9qAioOEPNEl8gFtlLbEnqbAtdsWXWNeaVVdAm', 'Mahasiswa', '2025-05-05 00:59:42', '2025-05-05 00:59:42'),
(129, '240661180001', '$2y$10$oriOqZ1ucFjoWXHK9qAioOEPNEl8gFtlLbEnqbAtdsWXWNeaVVdAm', 'Mahasiswa', '2025-05-05 00:59:42', '2025-05-05 00:59:42'),
(130, '240661180021', '$2y$10$oriOqZ1ucFjoWXHK9qAioOEPNEl8gFtlLbEnqbAtdsWXWNeaVVdAm', 'Mahasiswa', '2025-05-05 00:59:42', '2025-05-05 00:59:42'),
(131, '240661180015', '$2y$10$oriOqZ1ucFjoWXHK9qAioOEPNEl8gFtlLbEnqbAtdsWXWNeaVVdAm', 'Mahasiswa', '2025-05-05 00:59:42', '2025-05-05 00:59:42'),
(132, '240661180006', '$2y$10$oriOqZ1ucFjoWXHK9qAioOEPNEl8gFtlLbEnqbAtdsWXWNeaVVdAm', 'Mahasiswa', '2025-05-05 00:59:42', '2025-05-05 00:59:42'),
(133, '240661180009', '$2y$10$oriOqZ1ucFjoWXHK9qAioOEPNEl8gFtlLbEnqbAtdsWXWNeaVVdAm', 'Mahasiswa', '2025-05-05 00:59:42', '2025-05-05 00:59:42'),
(134, '240661180019', '$2y$10$oriOqZ1ucFjoWXHK9qAioOEPNEl8gFtlLbEnqbAtdsWXWNeaVVdAm', 'Mahasiswa', '2025-05-05 00:59:42', '2025-05-05 00:59:42'),
(135, '240661180028', '$2y$10$oriOqZ1ucFjoWXHK9qAioOEPNEl8gFtlLbEnqbAtdsWXWNeaVVdAm', 'Mahasiswa', '2025-05-05 00:59:42', '2025-05-05 00:59:42'),
(136, '240661180004', '$2y$10$oriOqZ1ucFjoWXHK9qAioOEPNEl8gFtlLbEnqbAtdsWXWNeaVVdAm', 'Mahasiswa', '2025-05-05 00:59:42', '2025-05-05 00:59:42'),
(137, '240661180002', '$2y$10$oriOqZ1ucFjoWXHK9qAioOEPNEl8gFtlLbEnqbAtdsWXWNeaVVdAm', 'Mahasiswa', '2025-05-05 00:59:42', '2025-05-05 00:59:42'),
(138, '240661180020', '$2y$10$oriOqZ1ucFjoWXHK9qAioOEPNEl8gFtlLbEnqbAtdsWXWNeaVVdAm', 'Mahasiswa', '2025-05-05 00:59:42', '2025-05-05 00:59:42'),
(139, '240661180008', '$2y$10$oriOqZ1ucFjoWXHK9qAioOEPNEl8gFtlLbEnqbAtdsWXWNeaVVdAm', 'Mahasiswa', '2025-05-05 00:59:42', '2025-05-05 00:59:42'),
(140, '240661180023', '$2y$10$oriOqZ1ucFjoWXHK9qAioOEPNEl8gFtlLbEnqbAtdsWXWNeaVVdAm', 'Mahasiswa', '2025-05-05 00:59:42', '2025-05-05 00:59:42'),
(141, '240661180016', '$2y$10$oriOqZ1ucFjoWXHK9qAioOEPNEl8gFtlLbEnqbAtdsWXWNeaVVdAm', 'Mahasiswa', '2025-05-05 00:59:42', '2025-05-05 00:59:42'),
(142, '240661180024', '$2y$10$oriOqZ1ucFjoWXHK9qAioOEPNEl8gFtlLbEnqbAtdsWXWNeaVVdAm', 'Mahasiswa', '2025-05-05 00:59:42', '2025-05-05 00:59:42'),
(143, '240661180030', '$2y$10$oriOqZ1ucFjoWXHK9qAioOEPNEl8gFtlLbEnqbAtdsWXWNeaVVdAm', 'Mahasiswa', '2025-05-05 00:59:42', '2025-05-05 00:59:42'),
(144, '240661180012', '$2y$10$oriOqZ1ucFjoWXHK9qAioOEPNEl8gFtlLbEnqbAtdsWXWNeaVVdAm', 'Mahasiswa', '2025-05-05 00:59:42', '2025-05-05 00:59:42'),
(145, '240661180010', '$2y$10$oriOqZ1ucFjoWXHK9qAioOEPNEl8gFtlLbEnqbAtdsWXWNeaVVdAm', 'Mahasiswa', '2025-05-05 00:59:43', '2025-05-05 00:59:43'),
(146, '240661180005', '$2y$10$oriOqZ1ucFjoWXHK9qAioOEPNEl8gFtlLbEnqbAtdsWXWNeaVVdAm', 'Mahasiswa', '2025-05-05 00:59:43', '2025-05-05 00:59:43'),
(147, '240661180022', '$2y$10$oriOqZ1ucFjoWXHK9qAioOEPNEl8gFtlLbEnqbAtdsWXWNeaVVdAm', 'Mahasiswa', '2025-05-05 00:59:43', '2025-05-05 00:59:43'),
(148, '240661180007', '$2y$10$oriOqZ1ucFjoWXHK9qAioOEPNEl8gFtlLbEnqbAtdsWXWNeaVVdAm', 'Mahasiswa', '2025-05-05 00:59:43', '2025-05-05 00:59:43'),
(149, '240661180011', '$2y$10$oriOqZ1ucFjoWXHK9qAioOEPNEl8gFtlLbEnqbAtdsWXWNeaVVdAm', 'Mahasiswa', '2025-05-05 00:59:43', '2025-05-05 00:59:43'),
(150, '240661180029', '$2y$10$oriOqZ1ucFjoWXHK9qAioOEPNEl8gFtlLbEnqbAtdsWXWNeaVVdAm', 'Mahasiswa', '2025-05-05 00:59:43', '2025-05-05 00:59:43'),
(151, '240661180018', '$2y$10$oriOqZ1ucFjoWXHK9qAioOEPNEl8gFtlLbEnqbAtdsWXWNeaVVdAm', 'Mahasiswa', '2025-05-05 00:59:43', '2025-05-05 00:59:43'),
(152, '240661180027', '$2y$10$oriOqZ1ucFjoWXHK9qAioOEPNEl8gFtlLbEnqbAtdsWXWNeaVVdAm', 'Mahasiswa', '2025-05-05 00:59:43', '2025-05-05 00:59:43'),
(153, '240661180017', '$2y$10$oriOqZ1ucFjoWXHK9qAioOEPNEl8gFtlLbEnqbAtdsWXWNeaVVdAm', 'Mahasiswa', '2025-05-05 00:59:43', '2025-05-05 00:59:43'),
(154, '240661180003', '$2y$10$oriOqZ1ucFjoWXHK9qAioOEPNEl8gFtlLbEnqbAtdsWXWNeaVVdAm', 'Mahasiswa', '2025-05-05 00:59:43', '2025-05-05 00:59:43'),
(155, '230111180017', '$2y$10$oriOqZ1ucFjoWXHK9qAioOEPNEl8gFtlLbEnqbAtdsWXWNeaVVdAm', 'Mahasiswa', '2025-05-05 00:59:43', '2025-05-05 00:59:43'),
(156, '230111180041', '$2y$10$oriOqZ1ucFjoWXHK9qAioOEPNEl8gFtlLbEnqbAtdsWXWNeaVVdAm', 'Mahasiswa', '2025-05-05 00:59:43', '2025-05-05 00:59:43'),
(157, '230111180012', '$2y$10$oriOqZ1ucFjoWXHK9qAioOEPNEl8gFtlLbEnqbAtdsWXWNeaVVdAm', 'Mahasiswa', '2025-05-05 00:59:43', '2025-05-05 00:59:43'),
(158, '230111180013', '$2y$10$oriOqZ1ucFjoWXHK9qAioOEPNEl8gFtlLbEnqbAtdsWXWNeaVVdAm', 'Mahasiswa', '2025-05-05 00:59:43', '2025-05-05 00:59:43'),
(159, '230111180015', '$2y$10$oriOqZ1ucFjoWXHK9qAioOEPNEl8gFtlLbEnqbAtdsWXWNeaVVdAm', 'Mahasiswa', '2025-05-05 00:59:43', '2025-05-05 00:59:43'),
(160, '230111180033', '$2y$10$oriOqZ1ucFjoWXHK9qAioOEPNEl8gFtlLbEnqbAtdsWXWNeaVVdAm', 'Mahasiswa', '2025-05-05 00:59:43', '2025-05-05 00:59:43'),
(161, '230111180008', '$2y$10$oriOqZ1ucFjoWXHK9qAioOEPNEl8gFtlLbEnqbAtdsWXWNeaVVdAm', 'Mahasiswa', '2025-05-05 00:59:43', '2025-05-05 00:59:43'),
(162, '230111180011', '$2y$10$oriOqZ1ucFjoWXHK9qAioOEPNEl8gFtlLbEnqbAtdsWXWNeaVVdAm', 'Mahasiswa', '2025-05-05 00:59:43', '2025-05-05 00:59:43'),
(163, '230111180038', '$2y$10$oriOqZ1ucFjoWXHK9qAioOEPNEl8gFtlLbEnqbAtdsWXWNeaVVdAm', 'Mahasiswa', '2025-05-05 00:59:43', '2025-05-05 00:59:43'),
(164, '230111180014', '$2y$10$oriOqZ1ucFjoWXHK9qAioOEPNEl8gFtlLbEnqbAtdsWXWNeaVVdAm', 'Mahasiswa', '2025-05-05 00:59:43', '2025-05-05 00:59:43'),
(165, '230111180029', '$2y$10$oriOqZ1ucFjoWXHK9qAioOEPNEl8gFtlLbEnqbAtdsWXWNeaVVdAm', 'Mahasiswa', '2025-05-05 00:59:43', '2025-05-05 00:59:43'),
(166, '230111180004', '$2y$10$oriOqZ1ucFjoWXHK9qAioOEPNEl8gFtlLbEnqbAtdsWXWNeaVVdAm', 'Mahasiswa', '2025-05-05 00:59:43', '2025-05-05 00:59:43'),
(167, '230111180030', '$2y$10$oriOqZ1ucFjoWXHK9qAioOEPNEl8gFtlLbEnqbAtdsWXWNeaVVdAm', 'Mahasiswa', '2025-05-05 00:59:43', '2025-05-05 00:59:43'),
(168, '230111180034', '$2y$10$oriOqZ1ucFjoWXHK9qAioOEPNEl8gFtlLbEnqbAtdsWXWNeaVVdAm', 'Mahasiswa', '2025-05-05 00:59:43', '2025-05-05 00:59:43'),
(169, '230111180010', '$2y$10$oriOqZ1ucFjoWXHK9qAioOEPNEl8gFtlLbEnqbAtdsWXWNeaVVdAm', 'Mahasiswa', '2025-05-05 00:59:43', '2025-05-05 00:59:43'),
(170, '230111180022', '$2y$10$oriOqZ1ucFjoWXHK9qAioOEPNEl8gFtlLbEnqbAtdsWXWNeaVVdAm', 'Mahasiswa', '2025-05-05 00:59:43', '2025-05-05 00:59:43'),
(171, '230111180016', '$2y$10$oriOqZ1ucFjoWXHK9qAioOEPNEl8gFtlLbEnqbAtdsWXWNeaVVdAm', 'Mahasiswa', '2025-05-05 00:59:43', '2025-05-05 00:59:43'),
(172, '230111180028', '$2y$10$oriOqZ1ucFjoWXHK9qAioOEPNEl8gFtlLbEnqbAtdsWXWNeaVVdAm', 'Mahasiswa', '2025-05-05 00:59:43', '2025-05-05 00:59:43'),
(173, '230111180003', '$2y$10$oriOqZ1ucFjoWXHK9qAioOEPNEl8gFtlLbEnqbAtdsWXWNeaVVdAm', 'Mahasiswa', '2025-05-05 00:59:43', '2025-05-05 00:59:43'),
(174, '230111180027', '$2y$10$oriOqZ1ucFjoWXHK9qAioOEPNEl8gFtlLbEnqbAtdsWXWNeaVVdAm', 'Mahasiswa', '2025-05-05 00:59:43', '2025-05-05 00:59:43'),
(175, '230111180039', '$2y$10$oriOqZ1ucFjoWXHK9qAioOEPNEl8gFtlLbEnqbAtdsWXWNeaVVdAm', 'Mahasiswa', '2025-05-05 00:59:43', '2025-05-05 00:59:43'),
(176, '230111180043', '$2y$10$oriOqZ1ucFjoWXHK9qAioOEPNEl8gFtlLbEnqbAtdsWXWNeaVVdAm', 'Mahasiswa', '2025-05-05 00:59:43', '2025-05-05 00:59:43'),
(177, '230111180024', '$2y$10$oriOqZ1ucFjoWXHK9qAioOEPNEl8gFtlLbEnqbAtdsWXWNeaVVdAm', 'Mahasiswa', '2025-05-05 00:59:43', '2025-05-05 00:59:43'),
(178, '230111180044', '$2y$10$oriOqZ1ucFjoWXHK9qAioOEPNEl8gFtlLbEnqbAtdsWXWNeaVVdAm', 'Mahasiswa', '2025-05-05 00:59:43', '2025-05-05 00:59:43'),
(179, '230111180048', '$2y$10$oriOqZ1ucFjoWXHK9qAioOEPNEl8gFtlLbEnqbAtdsWXWNeaVVdAm', 'Mahasiswa', '2025-05-05 00:59:43', '2025-05-05 00:59:43'),
(180, '230111180006', '$2y$10$oriOqZ1ucFjoWXHK9qAioOEPNEl8gFtlLbEnqbAtdsWXWNeaVVdAm', 'Mahasiswa', '2025-05-05 00:59:43', '2025-05-05 00:59:43'),
(181, '230111180021', '$2y$10$oriOqZ1ucFjoWXHK9qAioOEPNEl8gFtlLbEnqbAtdsWXWNeaVVdAm', 'Mahasiswa', '2025-05-05 00:59:43', '2025-05-05 00:59:43'),
(182, '230111180040', '$2y$10$oriOqZ1ucFjoWXHK9qAioOEPNEl8gFtlLbEnqbAtdsWXWNeaVVdAm', 'Mahasiswa', '2025-05-05 00:59:43', '2025-05-05 00:59:43'),
(183, '230111180035', '$2y$10$oriOqZ1ucFjoWXHK9qAioOEPNEl8gFtlLbEnqbAtdsWXWNeaVVdAm', 'Mahasiswa', '2025-05-05 00:59:43', '2025-05-05 00:59:43'),
(184, '230111180002', '$2y$10$oriOqZ1ucFjoWXHK9qAioOEPNEl8gFtlLbEnqbAtdsWXWNeaVVdAm', 'Mahasiswa', '2025-05-05 00:59:43', '2025-05-05 00:59:43'),
(185, '230111180001', '$2y$10$oriOqZ1ucFjoWXHK9qAioOEPNEl8gFtlLbEnqbAtdsWXWNeaVVdAm', 'Mahasiswa', '2025-05-05 00:59:43', '2025-05-05 00:59:43'),
(186, '230111180026', '$2y$10$oriOqZ1ucFjoWXHK9qAioOEPNEl8gFtlLbEnqbAtdsWXWNeaVVdAm', 'Mahasiswa', '2025-05-05 00:59:43', '2025-05-05 00:59:43'),
(187, '230111180018', '$2y$10$oriOqZ1ucFjoWXHK9qAioOEPNEl8gFtlLbEnqbAtdsWXWNeaVVdAm', 'Mahasiswa', '2025-05-05 00:59:43', '2025-05-05 00:59:43'),
(188, '230111180036', '$2y$10$oriOqZ1ucFjoWXHK9qAioOEPNEl8gFtlLbEnqbAtdsWXWNeaVVdAm', 'Mahasiswa', '2025-05-05 00:59:43', '2025-05-05 00:59:43'),
(189, '230111180020', '$2y$10$oriOqZ1ucFjoWXHK9qAioOEPNEl8gFtlLbEnqbAtdsWXWNeaVVdAm', 'Mahasiswa', '2025-05-05 00:59:43', '2025-05-05 00:59:43'),
(190, '230111180019', '$2y$10$oriOqZ1ucFjoWXHK9qAioOEPNEl8gFtlLbEnqbAtdsWXWNeaVVdAm', 'Mahasiswa', '2025-05-05 00:59:43', '2025-05-05 00:59:43'),
(191, '230111180005', '$2y$10$oriOqZ1ucFjoWXHK9qAioOEPNEl8gFtlLbEnqbAtdsWXWNeaVVdAm', 'Mahasiswa', '2025-05-05 00:59:43', '2025-05-05 00:59:43'),
(192, '230111180031', '$2y$10$oriOqZ1ucFjoWXHK9qAioOEPNEl8gFtlLbEnqbAtdsWXWNeaVVdAm', 'Mahasiswa', '2025-05-05 00:59:43', '2025-05-05 00:59:43'),
(193, '230111180032', '$2y$10$oriOqZ1ucFjoWXHK9qAioOEPNEl8gFtlLbEnqbAtdsWXWNeaVVdAm', 'Mahasiswa', '2025-05-05 00:59:43', '2025-05-05 00:59:43'),
(194, '230111180049', '$2y$10$oriOqZ1ucFjoWXHK9qAioOEPNEl8gFtlLbEnqbAtdsWXWNeaVVdAm', 'Mahasiswa', '2025-05-05 00:59:43', '2025-05-05 00:59:43'),
(195, '220111180087', '$2y$10$oriOqZ1ucFjoWXHK9qAioOEPNEl8gFtlLbEnqbAtdsWXWNeaVVdAm', 'Mahasiswa', '2025-05-05 00:59:43', '2025-05-05 00:59:43'),
(196, '230221180019', '$2y$10$oriOqZ1ucFjoWXHK9qAioOEPNEl8gFtlLbEnqbAtdsWXWNeaVVdAm', 'Mahasiswa', '2025-05-05 00:59:43', '2025-05-05 00:59:43'),
(197, '230221180002', '$2y$10$oriOqZ1ucFjoWXHK9qAioOEPNEl8gFtlLbEnqbAtdsWXWNeaVVdAm', 'Mahasiswa', '2025-05-05 00:59:43', '2025-05-05 00:59:43'),
(198, '230221180032', '$2y$10$oriOqZ1ucFjoWXHK9qAioOEPNEl8gFtlLbEnqbAtdsWXWNeaVVdAm', 'Mahasiswa', '2025-05-05 00:59:43', '2025-05-05 00:59:43'),
(199, '230221180023', '$2y$10$oriOqZ1ucFjoWXHK9qAioOEPNEl8gFtlLbEnqbAtdsWXWNeaVVdAm', 'Mahasiswa', '2025-05-05 00:59:43', '2025-05-05 00:59:43'),
(200, '230221180020', '$2y$10$oriOqZ1ucFjoWXHK9qAioOEPNEl8gFtlLbEnqbAtdsWXWNeaVVdAm', 'Mahasiswa', '2025-05-05 00:59:43', '2025-05-05 00:59:43'),
(201, '230221180024', '$2y$10$oriOqZ1ucFjoWXHK9qAioOEPNEl8gFtlLbEnqbAtdsWXWNeaVVdAm', 'Mahasiswa', '2025-05-05 00:59:43', '2025-05-05 00:59:43'),
(202, '230221180028', '$2y$10$oriOqZ1ucFjoWXHK9qAioOEPNEl8gFtlLbEnqbAtdsWXWNeaVVdAm', 'Mahasiswa', '2025-05-05 00:59:43', '2025-05-05 00:59:43'),
(203, '230221180015', '$2y$10$oriOqZ1ucFjoWXHK9qAioOEPNEl8gFtlLbEnqbAtdsWXWNeaVVdAm', 'Mahasiswa', '2025-05-05 00:59:43', '2025-05-05 00:59:43'),
(204, '230221180003', '$2y$10$oriOqZ1ucFjoWXHK9qAioOEPNEl8gFtlLbEnqbAtdsWXWNeaVVdAm', 'Mahasiswa', '2025-05-05 00:59:43', '2025-05-05 00:59:43'),
(205, '230221180006', '$2y$10$oriOqZ1ucFjoWXHK9qAioOEPNEl8gFtlLbEnqbAtdsWXWNeaVVdAm', 'Mahasiswa', '2025-05-05 00:59:43', '2025-05-05 00:59:43'),
(206, '230221180017', '$2y$10$oriOqZ1ucFjoWXHK9qAioOEPNEl8gFtlLbEnqbAtdsWXWNeaVVdAm', 'Mahasiswa', '2025-05-05 00:59:43', '2025-05-05 00:59:43'),
(207, '230221180014', '$2y$10$oriOqZ1ucFjoWXHK9qAioOEPNEl8gFtlLbEnqbAtdsWXWNeaVVdAm', 'Mahasiswa', '2025-05-05 00:59:43', '2025-05-05 00:59:43'),
(208, '230221180025', '$2y$10$oriOqZ1ucFjoWXHK9qAioOEPNEl8gFtlLbEnqbAtdsWXWNeaVVdAm', 'Mahasiswa', '2025-05-05 00:59:43', '2025-05-05 00:59:43'),
(209, '230221180005', '$2y$10$oriOqZ1ucFjoWXHK9qAioOEPNEl8gFtlLbEnqbAtdsWXWNeaVVdAm', 'Mahasiswa', '2025-05-05 00:59:43', '2025-05-05 00:59:43'),
(210, '230221180018', '$2y$10$oriOqZ1ucFjoWXHK9qAioOEPNEl8gFtlLbEnqbAtdsWXWNeaVVdAm', 'Mahasiswa', '2025-05-05 00:59:43', '2025-05-05 00:59:43'),
(211, '230221180016', '$2y$10$oriOqZ1ucFjoWXHK9qAioOEPNEl8gFtlLbEnqbAtdsWXWNeaVVdAm', 'Mahasiswa', '2025-05-05 00:59:43', '2025-05-05 00:59:43'),
(212, '230221180007', '$2y$10$oriOqZ1ucFjoWXHK9qAioOEPNEl8gFtlLbEnqbAtdsWXWNeaVVdAm', 'Mahasiswa', '2025-05-05 00:59:43', '2025-05-05 00:59:43'),
(213, '230221180008', '$2y$10$oriOqZ1ucFjoWXHK9qAioOEPNEl8gFtlLbEnqbAtdsWXWNeaVVdAm', 'Mahasiswa', '2025-05-05 00:59:43', '2025-05-05 00:59:43'),
(214, '230221180004', '$2y$10$oriOqZ1ucFjoWXHK9qAioOEPNEl8gFtlLbEnqbAtdsWXWNeaVVdAm', 'Mahasiswa', '2025-05-05 00:59:43', '2025-05-05 00:59:43'),
(215, '230221180001', '$2y$10$oriOqZ1ucFjoWXHK9qAioOEPNEl8gFtlLbEnqbAtdsWXWNeaVVdAm', 'Mahasiswa', '2025-05-05 00:59:43', '2025-05-05 00:59:43'),
(216, '230331180014', '$2y$10$oriOqZ1ucFjoWXHK9qAioOEPNEl8gFtlLbEnqbAtdsWXWNeaVVdAm', 'Mahasiswa', '2025-05-05 00:59:43', '2025-05-05 00:59:43'),
(217, '230331180012', '$2y$10$oriOqZ1ucFjoWXHK9qAioOEPNEl8gFtlLbEnqbAtdsWXWNeaVVdAm', 'Mahasiswa', '2025-05-05 00:59:43', '2025-05-05 00:59:43'),
(218, '230331180005', '$2y$10$oriOqZ1ucFjoWXHK9qAioOEPNEl8gFtlLbEnqbAtdsWXWNeaVVdAm', 'Mahasiswa', '2025-05-05 00:59:43', '2025-05-05 00:59:43'),
(219, '230331180002', '$2y$10$oriOqZ1ucFjoWXHK9qAioOEPNEl8gFtlLbEnqbAtdsWXWNeaVVdAm', 'Mahasiswa', '2025-05-05 00:59:43', '2025-05-05 00:59:43'),
(220, '230331180004', '$2y$10$oriOqZ1ucFjoWXHK9qAioOEPNEl8gFtlLbEnqbAtdsWXWNeaVVdAm', 'Mahasiswa', '2025-05-05 00:59:43', '2025-05-05 00:59:43'),
(221, '230331180006', '$2y$10$oriOqZ1ucFjoWXHK9qAioOEPNEl8gFtlLbEnqbAtdsWXWNeaVVdAm', 'Mahasiswa', '2025-05-05 00:59:43', '2025-05-05 00:59:43'),
(222, '230331180007', '$2y$10$oriOqZ1ucFjoWXHK9qAioOEPNEl8gFtlLbEnqbAtdsWXWNeaVVdAm', 'Mahasiswa', '2025-05-05 00:59:43', '2025-05-05 00:59:43'),
(223, '230331180010', '$2y$10$oriOqZ1ucFjoWXHK9qAioOEPNEl8gFtlLbEnqbAtdsWXWNeaVVdAm', 'Mahasiswa', '2025-05-05 00:59:43', '2025-05-05 00:59:43'),
(224, '230331180008', '$2y$10$oriOqZ1ucFjoWXHK9qAioOEPNEl8gFtlLbEnqbAtdsWXWNeaVVdAm', 'Mahasiswa', '2025-05-05 00:59:43', '2025-05-05 00:59:43'),
(225, '230331180013', '$2y$10$oriOqZ1ucFjoWXHK9qAioOEPNEl8gFtlLbEnqbAtdsWXWNeaVVdAm', 'Mahasiswa', '2025-05-05 00:59:43', '2025-05-05 00:59:43'),
(226, '230444180008', '$2y$10$oriOqZ1ucFjoWXHK9qAioOEPNEl8gFtlLbEnqbAtdsWXWNeaVVdAm', 'Mahasiswa', '2025-05-05 00:59:43', '2025-05-05 00:59:43'),
(227, '230444180010', '$2y$10$oriOqZ1ucFjoWXHK9qAioOEPNEl8gFtlLbEnqbAtdsWXWNeaVVdAm', 'Mahasiswa', '2025-05-05 00:59:43', '2025-05-05 00:59:43'),
(228, '230444180013', '$2y$10$oriOqZ1ucFjoWXHK9qAioOEPNEl8gFtlLbEnqbAtdsWXWNeaVVdAm', 'Mahasiswa', '2025-05-05 00:59:43', '2025-05-05 00:59:43'),
(229, '230444180007', '$2y$10$oriOqZ1ucFjoWXHK9qAioOEPNEl8gFtlLbEnqbAtdsWXWNeaVVdAm', 'Mahasiswa', '2025-05-05 00:59:43', '2025-05-05 00:59:43'),
(230, '230444180006', '$2y$10$oriOqZ1ucFjoWXHK9qAioOEPNEl8gFtlLbEnqbAtdsWXWNeaVVdAm', 'Mahasiswa', '2025-05-05 00:59:43', '2025-05-05 00:59:43'),
(231, '230444180018', '$2y$10$oriOqZ1ucFjoWXHK9qAioOEPNEl8gFtlLbEnqbAtdsWXWNeaVVdAm', 'Mahasiswa', '2025-05-05 00:59:43', '2025-05-05 00:59:43'),
(232, '230444180012', '$2y$10$oriOqZ1ucFjoWXHK9qAioOEPNEl8gFtlLbEnqbAtdsWXWNeaVVdAm', 'Mahasiswa', '2025-05-05 00:59:43', '2025-05-05 00:59:43'),
(233, '230444180005', '$2y$10$oriOqZ1ucFjoWXHK9qAioOEPNEl8gFtlLbEnqbAtdsWXWNeaVVdAm', 'Mahasiswa', '2025-05-05 00:59:43', '2025-05-05 00:59:43'),
(234, '230444180017', '$2y$10$oriOqZ1ucFjoWXHK9qAioOEPNEl8gFtlLbEnqbAtdsWXWNeaVVdAm', 'Mahasiswa', '2025-05-05 00:59:43', '2025-05-05 00:59:43'),
(235, '230444180002', '$2y$10$oriOqZ1ucFjoWXHK9qAioOEPNEl8gFtlLbEnqbAtdsWXWNeaVVdAm', 'Mahasiswa', '2025-05-05 00:59:43', '2025-05-05 00:59:43'),
(236, '230444180001', '$2y$10$oriOqZ1ucFjoWXHK9qAioOEPNEl8gFtlLbEnqbAtdsWXWNeaVVdAm', 'Mahasiswa', '2025-05-05 00:59:43', '2025-05-05 00:59:43'),
(237, '230444180004', '$2y$10$oriOqZ1ucFjoWXHK9qAioOEPNEl8gFtlLbEnqbAtdsWXWNeaVVdAm', 'Mahasiswa', '2025-05-05 00:59:43', '2025-05-05 00:59:43'),
(238, '230444180003', '$2y$10$oriOqZ1ucFjoWXHK9qAioOEPNEl8gFtlLbEnqbAtdsWXWNeaVVdAm', 'Mahasiswa', '2025-05-05 00:59:43', '2025-05-05 00:59:43'),
(239, '230444180011', '$2y$10$oriOqZ1ucFjoWXHK9qAioOEPNEl8gFtlLbEnqbAtdsWXWNeaVVdAm', 'Mahasiswa', '2025-05-05 00:59:43', '2025-05-05 00:59:43'),
(240, '230444180014', '$2y$10$oriOqZ1ucFjoWXHK9qAioOEPNEl8gFtlLbEnqbAtdsWXWNeaVVdAm', 'Mahasiswa', '2025-05-05 00:59:43', '2025-05-05 00:59:43'),
(241, '230444180016', '$2y$10$oriOqZ1ucFjoWXHK9qAioOEPNEl8gFtlLbEnqbAtdsWXWNeaVVdAm', 'Mahasiswa', '2025-05-05 00:59:43', '2025-05-05 00:59:43'),
(242, '230444180019', '$2y$10$oriOqZ1ucFjoWXHK9qAioOEPNEl8gFtlLbEnqbAtdsWXWNeaVVdAm', 'Mahasiswa', '2025-05-05 00:59:43', '2025-05-05 00:59:43'),
(243, '230444180015', '$2y$10$oriOqZ1ucFjoWXHK9qAioOEPNEl8gFtlLbEnqbAtdsWXWNeaVVdAm', 'Mahasiswa', '2025-05-05 00:59:43', '2025-05-05 00:59:43'),
(244, '230551180008', '$2y$10$oriOqZ1ucFjoWXHK9qAioOEPNEl8gFtlLbEnqbAtdsWXWNeaVVdAm', 'Mahasiswa', '2025-05-05 00:59:43', '2025-05-05 00:59:43'),
(245, '230551180043', '$2y$10$oriOqZ1ucFjoWXHK9qAioOEPNEl8gFtlLbEnqbAtdsWXWNeaVVdAm', 'Mahasiswa', '2025-05-05 00:59:43', '2025-05-05 00:59:43'),
(246, '230551180027', '$2y$10$oriOqZ1ucFjoWXHK9qAioOEPNEl8gFtlLbEnqbAtdsWXWNeaVVdAm', 'Mahasiswa', '2025-05-05 00:59:43', '2025-05-05 00:59:43'),
(247, '230551180002', '$2y$10$oriOqZ1ucFjoWXHK9qAioOEPNEl8gFtlLbEnqbAtdsWXWNeaVVdAm', 'Mahasiswa', '2025-05-05 00:59:43', '2025-05-05 00:59:43'),
(248, '230551180024', '$2y$10$oriOqZ1ucFjoWXHK9qAioOEPNEl8gFtlLbEnqbAtdsWXWNeaVVdAm', 'Mahasiswa', '2025-05-05 00:59:43', '2025-05-05 00:59:43'),
(249, '230551180016', '$2y$10$oriOqZ1ucFjoWXHK9qAioOEPNEl8gFtlLbEnqbAtdsWXWNeaVVdAm', 'Mahasiswa', '2025-05-05 00:59:43', '2025-05-05 00:59:43'),
(250, '230551180039', '$2y$10$oriOqZ1ucFjoWXHK9qAioOEPNEl8gFtlLbEnqbAtdsWXWNeaVVdAm', 'Mahasiswa', '2025-05-05 00:59:43', '2025-05-05 00:59:43'),
(251, '230551180034', '$2y$10$oriOqZ1ucFjoWXHK9qAioOEPNEl8gFtlLbEnqbAtdsWXWNeaVVdAm', 'Mahasiswa', '2025-05-05 00:59:43', '2025-05-05 00:59:43'),
(252, '230551180015', '$2y$10$oriOqZ1ucFjoWXHK9qAioOEPNEl8gFtlLbEnqbAtdsWXWNeaVVdAm', 'Mahasiswa', '2025-05-05 00:59:43', '2025-05-05 00:59:43'),
(253, '230551180005', '$2y$10$oriOqZ1ucFjoWXHK9qAioOEPNEl8gFtlLbEnqbAtdsWXWNeaVVdAm', 'Mahasiswa', '2025-05-05 00:59:43', '2025-05-05 00:59:43'),
(254, '230551180001', '$2y$10$oriOqZ1ucFjoWXHK9qAioOEPNEl8gFtlLbEnqbAtdsWXWNeaVVdAm', 'Mahasiswa', '2025-05-05 00:59:43', '2025-05-05 00:59:43'),
(255, '230551180004', '$2y$10$oriOqZ1ucFjoWXHK9qAioOEPNEl8gFtlLbEnqbAtdsWXWNeaVVdAm', 'Mahasiswa', '2025-05-05 00:59:43', '2025-05-05 00:59:43'),
(256, '230551180025', '$2y$10$oriOqZ1ucFjoWXHK9qAioOEPNEl8gFtlLbEnqbAtdsWXWNeaVVdAm', 'Mahasiswa', '2025-05-05 00:59:43', '2025-05-05 00:59:43'),
(257, '230551180028', '$2y$10$oriOqZ1ucFjoWXHK9qAioOEPNEl8gFtlLbEnqbAtdsWXWNeaVVdAm', 'Mahasiswa', '2025-05-05 00:59:43', '2025-05-05 00:59:43'),
(258, '230551180038', '$2y$10$oriOqZ1ucFjoWXHK9qAioOEPNEl8gFtlLbEnqbAtdsWXWNeaVVdAm', 'Mahasiswa', '2025-05-05 00:59:43', '2025-05-05 00:59:43'),
(259, '230551180011', '$2y$10$oriOqZ1ucFjoWXHK9qAioOEPNEl8gFtlLbEnqbAtdsWXWNeaVVdAm', 'Mahasiswa', '2025-05-05 00:59:43', '2025-05-05 00:59:43'),
(260, '230551180010', '$2y$10$oriOqZ1ucFjoWXHK9qAioOEPNEl8gFtlLbEnqbAtdsWXWNeaVVdAm', 'Mahasiswa', '2025-05-05 00:59:43', '2025-05-05 00:59:43'),
(261, '230551180047', '$2y$10$oriOqZ1ucFjoWXHK9qAioOEPNEl8gFtlLbEnqbAtdsWXWNeaVVdAm', 'Mahasiswa', '2025-05-05 00:59:43', '2025-05-05 00:59:43'),
(262, '230551180029', '$2y$10$oriOqZ1ucFjoWXHK9qAioOEPNEl8gFtlLbEnqbAtdsWXWNeaVVdAm', 'Mahasiswa', '2025-05-05 00:59:43', '2025-05-05 00:59:43'),
(263, '230551180003', '$2y$10$oriOqZ1ucFjoWXHK9qAioOEPNEl8gFtlLbEnqbAtdsWXWNeaVVdAm', 'Mahasiswa', '2025-05-05 00:59:43', '2025-05-05 00:59:43'),
(264, '230551180030', '$2y$10$oriOqZ1ucFjoWXHK9qAioOEPNEl8gFtlLbEnqbAtdsWXWNeaVVdAm', 'Mahasiswa', '2025-05-05 00:59:43', '2025-05-05 00:59:43'),
(265, '230551180036', '$2y$10$oriOqZ1ucFjoWXHK9qAioOEPNEl8gFtlLbEnqbAtdsWXWNeaVVdAm', 'Mahasiswa', '2025-05-05 00:59:43', '2025-05-05 00:59:43'),
(266, '230551180044', '$2y$10$oriOqZ1ucFjoWXHK9qAioOEPNEl8gFtlLbEnqbAtdsWXWNeaVVdAm', 'Mahasiswa', '2025-05-05 00:59:43', '2025-05-05 00:59:43'),
(267, '230551180019', '$2y$10$oriOqZ1ucFjoWXHK9qAioOEPNEl8gFtlLbEnqbAtdsWXWNeaVVdAm', 'Mahasiswa', '2025-05-05 00:59:43', '2025-05-05 00:59:43'),
(268, '230551180012', '$2y$10$oriOqZ1ucFjoWXHK9qAioOEPNEl8gFtlLbEnqbAtdsWXWNeaVVdAm', 'Mahasiswa', '2025-05-05 00:59:43', '2025-05-05 00:59:43'),
(269, '230551180026', '$2y$10$oriOqZ1ucFjoWXHK9qAioOEPNEl8gFtlLbEnqbAtdsWXWNeaVVdAm', 'Mahasiswa', '2025-05-05 00:59:43', '2025-05-05 00:59:43'),
(270, '230551180018', '$2y$10$oriOqZ1ucFjoWXHK9qAioOEPNEl8gFtlLbEnqbAtdsWXWNeaVVdAm', 'Mahasiswa', '2025-05-05 00:59:43', '2025-05-05 00:59:43'),
(271, '230551180017', '$2y$10$oriOqZ1ucFjoWXHK9qAioOEPNEl8gFtlLbEnqbAtdsWXWNeaVVdAm', 'Mahasiswa', '2025-05-05 00:59:43', '2025-05-05 00:59:43'),
(272, '230551180009', '$2y$10$oriOqZ1ucFjoWXHK9qAioOEPNEl8gFtlLbEnqbAtdsWXWNeaVVdAm', 'Mahasiswa', '2025-05-05 00:59:43', '2025-05-05 00:59:43'),
(273, '230551180007', '$2y$10$oriOqZ1ucFjoWXHK9qAioOEPNEl8gFtlLbEnqbAtdsWXWNeaVVdAm', 'Mahasiswa', '2025-05-05 00:59:43', '2025-05-05 00:59:43'),
(274, '230551180054', '$2y$10$oriOqZ1ucFjoWXHK9qAioOEPNEl8gFtlLbEnqbAtdsWXWNeaVVdAm', 'Mahasiswa', '2025-05-05 00:59:43', '2025-05-05 00:59:43'),
(275, '230551180046', '$2y$10$oriOqZ1ucFjoWXHK9qAioOEPNEl8gFtlLbEnqbAtdsWXWNeaVVdAm', 'Mahasiswa', '2025-05-05 00:59:43', '2025-05-05 00:59:43'),
(276, '230551180050', '$2y$10$oriOqZ1ucFjoWXHK9qAioOEPNEl8gFtlLbEnqbAtdsWXWNeaVVdAm', 'Mahasiswa', '2025-05-05 00:59:43', '2025-05-05 00:59:43'),
(277, '230551180053', '$2y$10$oriOqZ1ucFjoWXHK9qAioOEPNEl8gFtlLbEnqbAtdsWXWNeaVVdAm', 'Mahasiswa', '2025-05-05 00:59:43', '2025-05-05 00:59:43'),
(278, '230551180014', '$2y$10$oriOqZ1ucFjoWXHK9qAioOEPNEl8gFtlLbEnqbAtdsWXWNeaVVdAm', 'Mahasiswa', '2025-05-05 00:59:43', '2025-05-05 00:59:43'),
(279, '230551180013', '$2y$10$oriOqZ1ucFjoWXHK9qAioOEPNEl8gFtlLbEnqbAtdsWXWNeaVVdAm', 'Mahasiswa', '2025-05-05 00:59:43', '2025-05-05 00:59:43'),
(280, '230551180006', '$2y$10$oriOqZ1ucFjoWXHK9qAioOEPNEl8gFtlLbEnqbAtdsWXWNeaVVdAm', 'Mahasiswa', '2025-05-05 00:59:43', '2025-05-05 00:59:43'),
(281, '230551180055', '$2y$10$oriOqZ1ucFjoWXHK9qAioOEPNEl8gFtlLbEnqbAtdsWXWNeaVVdAm', 'Mahasiswa', '2025-05-05 00:59:43', '2025-05-05 00:59:43'),
(282, '230551180041', '$2y$10$oriOqZ1ucFjoWXHK9qAioOEPNEl8gFtlLbEnqbAtdsWXWNeaVVdAm', 'Mahasiswa', '2025-05-05 00:59:43', '2025-05-05 00:59:43'),
(283, '230551180049', '$2y$10$oriOqZ1ucFjoWXHK9qAioOEPNEl8gFtlLbEnqbAtdsWXWNeaVVdAm', 'Mahasiswa', '2025-05-05 00:59:43', '2025-05-05 00:59:43'),
(284, '240551180064', '$2y$10$oriOqZ1ucFjoWXHK9qAioOEPNEl8gFtlLbEnqbAtdsWXWNeaVVdAm', 'Mahasiswa', '2025-05-05 00:59:43', '2025-05-05 00:59:43'),
(285, '230661180009', '$2y$10$oriOqZ1ucFjoWXHK9qAioOEPNEl8gFtlLbEnqbAtdsWXWNeaVVdAm', 'Mahasiswa', '2025-05-05 00:59:43', '2025-05-05 00:59:43'),
(286, '230661180007', '$2y$10$oriOqZ1ucFjoWXHK9qAioOEPNEl8gFtlLbEnqbAtdsWXWNeaVVdAm', 'Mahasiswa', '2025-05-05 00:59:43', '2025-05-05 00:59:43'),
(287, '230661180017', '$2y$10$oriOqZ1ucFjoWXHK9qAioOEPNEl8gFtlLbEnqbAtdsWXWNeaVVdAm', 'Mahasiswa', '2025-05-05 00:59:43', '2025-05-05 00:59:43'),
(288, '230661180002', '$2y$10$oriOqZ1ucFjoWXHK9qAioOEPNEl8gFtlLbEnqbAtdsWXWNeaVVdAm', 'Mahasiswa', '2025-05-05 00:59:43', '2025-05-05 00:59:43'),
(289, '230661180013', '$2y$10$oriOqZ1ucFjoWXHK9qAioOEPNEl8gFtlLbEnqbAtdsWXWNeaVVdAm', 'Mahasiswa', '2025-05-05 00:59:43', '2025-05-05 00:59:43'),
(290, '230661180006', '$2y$10$oriOqZ1ucFjoWXHK9qAioOEPNEl8gFtlLbEnqbAtdsWXWNeaVVdAm', 'Mahasiswa', '2025-05-05 00:59:43', '2025-05-05 00:59:43'),
(291, '230661180008', '$2y$10$oriOqZ1ucFjoWXHK9qAioOEPNEl8gFtlLbEnqbAtdsWXWNeaVVdAm', 'Mahasiswa', '2025-05-05 00:59:43', '2025-05-05 00:59:43'),
(292, '230661180014', '$2y$10$oriOqZ1ucFjoWXHK9qAioOEPNEl8gFtlLbEnqbAtdsWXWNeaVVdAm', 'Mahasiswa', '2025-05-05 00:59:43', '2025-05-05 00:59:43'),
(293, '230661180018', '$2y$10$oriOqZ1ucFjoWXHK9qAioOEPNEl8gFtlLbEnqbAtdsWXWNeaVVdAm', 'Mahasiswa', '2025-05-05 00:59:43', '2025-05-05 00:59:43'),
(294, '230661180011', '$2y$10$oriOqZ1ucFjoWXHK9qAioOEPNEl8gFtlLbEnqbAtdsWXWNeaVVdAm', 'Mahasiswa', '2025-05-05 00:59:43', '2025-05-05 00:59:43'),
(295, '230661180020', '$2y$10$oriOqZ1ucFjoWXHK9qAioOEPNEl8gFtlLbEnqbAtdsWXWNeaVVdAm', 'Mahasiswa', '2025-05-05 00:59:43', '2025-05-05 00:59:43'),
(296, '230661180003', '$2y$10$oriOqZ1ucFjoWXHK9qAioOEPNEl8gFtlLbEnqbAtdsWXWNeaVVdAm', 'Mahasiswa', '2025-05-05 00:59:43', '2025-05-05 00:59:43'),
(297, '230661180012', '$2y$10$oriOqZ1ucFjoWXHK9qAioOEPNEl8gFtlLbEnqbAtdsWXWNeaVVdAm', 'Mahasiswa', '2025-05-05 00:59:43', '2025-05-05 00:59:43'),
(298, '230661180004', '$2y$10$oriOqZ1ucFjoWXHK9qAioOEPNEl8gFtlLbEnqbAtdsWXWNeaVVdAm', 'Mahasiswa', '2025-05-05 00:59:43', '2025-05-05 00:59:43'),
(299, '230661180001', '$2y$10$oriOqZ1ucFjoWXHK9qAioOEPNEl8gFtlLbEnqbAtdsWXWNeaVVdAm', 'Mahasiswa', '2025-05-05 00:59:43', '2025-05-05 00:59:43'),
(300, '230661180010', '$2y$10$oriOqZ1ucFjoWXHK9qAioOEPNEl8gFtlLbEnqbAtdsWXWNeaVVdAm', 'Mahasiswa', '2025-05-05 00:59:43', '2025-05-05 00:59:43'),
(301, '230661180005', '$2y$10$oriOqZ1ucFjoWXHK9qAioOEPNEl8gFtlLbEnqbAtdsWXWNeaVVdAm', 'Mahasiswa', '2025-05-05 00:59:43', '2025-05-05 00:59:43'),
(302, '220111180024', '$2y$10$oriOqZ1ucFjoWXHK9qAioOEPNEl8gFtlLbEnqbAtdsWXWNeaVVdAm', 'Mahasiswa', '2025-05-05 00:59:43', '2025-05-05 00:59:43'),
(303, '220111180036', '$2y$10$oriOqZ1ucFjoWXHK9qAioOEPNEl8gFtlLbEnqbAtdsWXWNeaVVdAm', 'Mahasiswa', '2025-05-05 00:59:43', '2025-05-05 00:59:43'),
(304, '220111180009', '$2y$10$oriOqZ1ucFjoWXHK9qAioOEPNEl8gFtlLbEnqbAtdsWXWNeaVVdAm', 'Mahasiswa', '2025-05-05 00:59:43', '2025-05-05 00:59:43'),
(305, '220111180060', '$2y$10$oriOqZ1ucFjoWXHK9qAioOEPNEl8gFtlLbEnqbAtdsWXWNeaVVdAm', 'Mahasiswa', '2025-05-05 00:59:43', '2025-05-05 00:59:43'),
(306, '220111180023', '$2y$10$oriOqZ1ucFjoWXHK9qAioOEPNEl8gFtlLbEnqbAtdsWXWNeaVVdAm', 'Mahasiswa', '2025-05-05 00:59:43', '2025-05-05 00:59:43'),
(307, '220111180080', '$2y$10$oriOqZ1ucFjoWXHK9qAioOEPNEl8gFtlLbEnqbAtdsWXWNeaVVdAm', 'Mahasiswa', '2025-05-05 00:59:43', '2025-05-05 00:59:43'),
(308, '220111180027', '$2y$10$oriOqZ1ucFjoWXHK9qAioOEPNEl8gFtlLbEnqbAtdsWXWNeaVVdAm', 'Mahasiswa', '2025-05-05 00:59:43', '2025-05-05 00:59:43'),
(309, '220111180083', '$2y$10$oriOqZ1ucFjoWXHK9qAioOEPNEl8gFtlLbEnqbAtdsWXWNeaVVdAm', 'Mahasiswa', '2025-05-05 00:59:43', '2025-05-05 00:59:43'),
(310, '220111180047', '$2y$10$oriOqZ1ucFjoWXHK9qAioOEPNEl8gFtlLbEnqbAtdsWXWNeaVVdAm', 'Mahasiswa', '2025-05-05 00:59:43', '2025-05-05 00:59:43'),
(311, '220111180058', '$2y$10$oriOqZ1ucFjoWXHK9qAioOEPNEl8gFtlLbEnqbAtdsWXWNeaVVdAm', 'Mahasiswa', '2025-05-05 00:59:43', '2025-05-05 00:59:43'),
(312, '220111180037', '$2y$10$oriOqZ1ucFjoWXHK9qAioOEPNEl8gFtlLbEnqbAtdsWXWNeaVVdAm', 'Mahasiswa', '2025-05-05 00:59:43', '2025-05-05 00:59:43'),
(313, '220111180006', '$2y$10$oriOqZ1ucFjoWXHK9qAioOEPNEl8gFtlLbEnqbAtdsWXWNeaVVdAm', 'Mahasiswa', '2025-05-05 00:59:43', '2025-05-05 00:59:43'),
(314, '220111180015', '$2y$10$oriOqZ1ucFjoWXHK9qAioOEPNEl8gFtlLbEnqbAtdsWXWNeaVVdAm', 'Mahasiswa', '2025-05-05 00:59:43', '2025-05-05 00:59:43'),
(315, '220111180021', '$2y$10$oriOqZ1ucFjoWXHK9qAioOEPNEl8gFtlLbEnqbAtdsWXWNeaVVdAm', 'Mahasiswa', '2025-05-05 00:59:43', '2025-05-05 00:59:43'),
(316, '220111180070', '$2y$10$oriOqZ1ucFjoWXHK9qAioOEPNEl8gFtlLbEnqbAtdsWXWNeaVVdAm', 'Mahasiswa', '2025-05-05 00:59:43', '2025-05-05 00:59:43'),
(317, '220111180038', '$2y$10$oriOqZ1ucFjoWXHK9qAioOEPNEl8gFtlLbEnqbAtdsWXWNeaVVdAm', 'Mahasiswa', '2025-05-05 00:59:43', '2025-05-05 00:59:43'),
(318, '220111180101', '$2y$10$oriOqZ1ucFjoWXHK9qAioOEPNEl8gFtlLbEnqbAtdsWXWNeaVVdAm', 'Mahasiswa', '2025-05-05 00:59:43', '2025-05-05 00:59:43'),
(319, '220111180069', '$2y$10$oriOqZ1ucFjoWXHK9qAioOEPNEl8gFtlLbEnqbAtdsWXWNeaVVdAm', 'Mahasiswa', '2025-05-05 00:59:43', '2025-05-05 00:59:43'),
(320, '220111180061', '$2y$10$oriOqZ1ucFjoWXHK9qAioOEPNEl8gFtlLbEnqbAtdsWXWNeaVVdAm', 'Mahasiswa', '2025-05-05 00:59:43', '2025-05-05 00:59:43'),
(321, '220111180064', '$2y$10$oriOqZ1ucFjoWXHK9qAioOEPNEl8gFtlLbEnqbAtdsWXWNeaVVdAm', 'Mahasiswa', '2025-05-05 00:59:43', '2025-05-05 00:59:43'),
(322, '220111180034', '$2y$10$oriOqZ1ucFjoWXHK9qAioOEPNEl8gFtlLbEnqbAtdsWXWNeaVVdAm', 'Mahasiswa', '2025-05-05 00:59:43', '2025-05-05 00:59:43'),
(323, '220111180010', '$2y$10$oriOqZ1ucFjoWXHK9qAioOEPNEl8gFtlLbEnqbAtdsWXWNeaVVdAm', 'Mahasiswa', '2025-05-05 00:59:43', '2025-05-05 00:59:43'),
(324, '220111180032', '$2y$10$oriOqZ1ucFjoWXHK9qAioOEPNEl8gFtlLbEnqbAtdsWXWNeaVVdAm', 'Mahasiswa', '2025-05-05 00:59:43', '2025-05-05 00:59:43'),
(325, '220111180014', '$2y$10$oriOqZ1ucFjoWXHK9qAioOEPNEl8gFtlLbEnqbAtdsWXWNeaVVdAm', 'Mahasiswa', '2025-05-05 00:59:43', '2025-05-05 00:59:43'),
(326, '220111180011', '$2y$10$oriOqZ1ucFjoWXHK9qAioOEPNEl8gFtlLbEnqbAtdsWXWNeaVVdAm', 'Mahasiswa', '2025-05-05 00:59:43', '2025-05-05 00:59:43'),
(327, '220111180041', '$2y$10$oriOqZ1ucFjoWXHK9qAioOEPNEl8gFtlLbEnqbAtdsWXWNeaVVdAm', 'Mahasiswa', '2025-05-05 00:59:43', '2025-05-05 00:59:43'),
(328, '220111180056', '$2y$10$oriOqZ1ucFjoWXHK9qAioOEPNEl8gFtlLbEnqbAtdsWXWNeaVVdAm', 'Mahasiswa', '2025-05-05 00:59:43', '2025-05-05 00:59:43'),
(329, '220111180066', '$2y$10$oriOqZ1ucFjoWXHK9qAioOEPNEl8gFtlLbEnqbAtdsWXWNeaVVdAm', 'Mahasiswa', '2025-05-05 00:59:43', '2025-05-05 00:59:43'),
(330, '220111180117', '$2y$10$oriOqZ1ucFjoWXHK9qAioOEPNEl8gFtlLbEnqbAtdsWXWNeaVVdAm', 'Mahasiswa', '2025-05-05 00:59:43', '2025-05-05 00:59:43'),
(331, '220111180016', '$2y$10$oriOqZ1ucFjoWXHK9qAioOEPNEl8gFtlLbEnqbAtdsWXWNeaVVdAm', 'Mahasiswa', '2025-05-05 00:59:43', '2025-05-05 00:59:43'),
(332, '220111180028', '$2y$10$oriOqZ1ucFjoWXHK9qAioOEPNEl8gFtlLbEnqbAtdsWXWNeaVVdAm', 'Mahasiswa', '2025-05-05 00:59:43', '2025-05-05 00:59:43'),
(333, '220111180071', '$2y$10$oriOqZ1ucFjoWXHK9qAioOEPNEl8gFtlLbEnqbAtdsWXWNeaVVdAm', 'Mahasiswa', '2025-05-05 00:59:43', '2025-05-05 00:59:43'),
(334, '220111180033', '$2y$10$oriOqZ1ucFjoWXHK9qAioOEPNEl8gFtlLbEnqbAtdsWXWNeaVVdAm', 'Mahasiswa', '2025-05-05 00:59:43', '2025-05-05 00:59:43'),
(335, '220111180103', '$2y$10$oriOqZ1ucFjoWXHK9qAioOEPNEl8gFtlLbEnqbAtdsWXWNeaVVdAm', 'Mahasiswa', '2025-05-05 00:59:43', '2025-05-05 00:59:43'),
(336, '220111180039', '$2y$10$oriOqZ1ucFjoWXHK9qAioOEPNEl8gFtlLbEnqbAtdsWXWNeaVVdAm', 'Mahasiswa', '2025-05-05 00:59:43', '2025-05-05 00:59:43'),
(337, '220111180043', '$2y$10$oriOqZ1ucFjoWXHK9qAioOEPNEl8gFtlLbEnqbAtdsWXWNeaVVdAm', 'Mahasiswa', '2025-05-05 00:59:43', '2025-05-05 00:59:43'),
(338, '220111180044', '$2y$10$oriOqZ1ucFjoWXHK9qAioOEPNEl8gFtlLbEnqbAtdsWXWNeaVVdAm', 'Mahasiswa', '2025-05-05 00:59:43', '2025-05-05 00:59:43'),
(339, '220111180076', '$2y$10$oriOqZ1ucFjoWXHK9qAioOEPNEl8gFtlLbEnqbAtdsWXWNeaVVdAm', 'Mahasiswa', '2025-05-05 00:59:43', '2025-05-05 00:59:43'),
(340, '220111180067', '$2y$10$oriOqZ1ucFjoWXHK9qAioOEPNEl8gFtlLbEnqbAtdsWXWNeaVVdAm', 'Mahasiswa', '2025-05-05 00:59:43', '2025-05-05 00:59:43'),
(341, '220111180035', '$2y$10$oriOqZ1ucFjoWXHK9qAioOEPNEl8gFtlLbEnqbAtdsWXWNeaVVdAm', 'Mahasiswa', '2025-05-05 00:59:43', '2025-05-05 00:59:43'),
(342, '220111180078', '$2y$10$oriOqZ1ucFjoWXHK9qAioOEPNEl8gFtlLbEnqbAtdsWXWNeaVVdAm', 'Mahasiswa', '2025-05-05 00:59:43', '2025-05-05 00:59:43'),
(343, '220111180105', '$2y$10$oriOqZ1ucFjoWXHK9qAioOEPNEl8gFtlLbEnqbAtdsWXWNeaVVdAm', 'Mahasiswa', '2025-05-05 00:59:43', '2025-05-05 00:59:43'),
(344, '220111180020', '$2y$10$oriOqZ1ucFjoWXHK9qAioOEPNEl8gFtlLbEnqbAtdsWXWNeaVVdAm', 'Mahasiswa', '2025-05-05 00:59:43', '2025-05-05 00:59:43'),
(345, '220111180008', '$2y$10$oriOqZ1ucFjoWXHK9qAioOEPNEl8gFtlLbEnqbAtdsWXWNeaVVdAm', 'Mahasiswa', '2025-05-05 00:59:43', '2025-05-05 00:59:43'),
(346, '220111180030', '$2y$10$oriOqZ1ucFjoWXHK9qAioOEPNEl8gFtlLbEnqbAtdsWXWNeaVVdAm', 'Mahasiswa', '2025-05-05 00:59:43', '2025-05-05 00:59:43'),
(347, '220111180073', '$2y$10$oriOqZ1ucFjoWXHK9qAioOEPNEl8gFtlLbEnqbAtdsWXWNeaVVdAm', 'Mahasiswa', '2025-05-05 00:59:43', '2025-05-05 00:59:43');
INSERT INTO `user` (`id`, `username`, `password`, `role`, `created_at`, `updated_at`) VALUES
(348, '220111180097', '$2y$10$oriOqZ1ucFjoWXHK9qAioOEPNEl8gFtlLbEnqbAtdsWXWNeaVVdAm', 'Mahasiswa', '2025-05-05 00:59:43', '2025-05-05 00:59:43'),
(349, '220111180099', '$2y$10$oriOqZ1ucFjoWXHK9qAioOEPNEl8gFtlLbEnqbAtdsWXWNeaVVdAm', 'Mahasiswa', '2025-05-05 00:59:43', '2025-05-05 00:59:43'),
(350, '220111180104', '$2y$10$oriOqZ1ucFjoWXHK9qAioOEPNEl8gFtlLbEnqbAtdsWXWNeaVVdAm', 'Mahasiswa', '2025-05-05 00:59:43', '2025-05-05 00:59:43'),
(351, '220111180108', '$2y$10$oriOqZ1ucFjoWXHK9qAioOEPNEl8gFtlLbEnqbAtdsWXWNeaVVdAm', 'Mahasiswa', '2025-05-05 00:59:43', '2025-05-05 00:59:43'),
(352, '220111180093', '$2y$10$oriOqZ1ucFjoWXHK9qAioOEPNEl8gFtlLbEnqbAtdsWXWNeaVVdAm', 'Mahasiswa', '2025-05-05 00:59:43', '2025-05-05 00:59:43'),
(353, '220111180003', '$2y$10$oriOqZ1ucFjoWXHK9qAioOEPNEl8gFtlLbEnqbAtdsWXWNeaVVdAm', 'Mahasiswa', '2025-05-05 00:59:43', '2025-05-05 00:59:43'),
(354, '220111180049', '$2y$10$oriOqZ1ucFjoWXHK9qAioOEPNEl8gFtlLbEnqbAtdsWXWNeaVVdAm', 'Mahasiswa', '2025-05-05 00:59:43', '2025-05-05 00:59:43'),
(355, '220111180046', '$2y$10$oriOqZ1ucFjoWXHK9qAioOEPNEl8gFtlLbEnqbAtdsWXWNeaVVdAm', 'Mahasiswa', '2025-05-05 00:59:43', '2025-05-05 00:59:43'),
(356, '220111180086', '$2y$10$oriOqZ1ucFjoWXHK9qAioOEPNEl8gFtlLbEnqbAtdsWXWNeaVVdAm', 'Mahasiswa', '2025-05-05 00:59:43', '2025-05-05 00:59:43'),
(357, '220111180055', '$2y$10$oriOqZ1ucFjoWXHK9qAioOEPNEl8gFtlLbEnqbAtdsWXWNeaVVdAm', 'Mahasiswa', '2025-05-05 00:59:43', '2025-05-05 00:59:43'),
(358, '220111180050', '$2y$10$oriOqZ1ucFjoWXHK9qAioOEPNEl8gFtlLbEnqbAtdsWXWNeaVVdAm', 'Mahasiswa', '2025-05-05 00:59:43', '2025-05-05 00:59:43'),
(359, '220111180007', '$2y$10$oriOqZ1ucFjoWXHK9qAioOEPNEl8gFtlLbEnqbAtdsWXWNeaVVdAm', 'Mahasiswa', '2025-05-05 00:59:43', '2025-05-05 00:59:43'),
(360, '220111180075', '$2y$10$oriOqZ1ucFjoWXHK9qAioOEPNEl8gFtlLbEnqbAtdsWXWNeaVVdAm', 'Mahasiswa', '2025-05-05 00:59:43', '2025-05-05 00:59:43'),
(361, '220111180053', '$2y$10$oriOqZ1ucFjoWXHK9qAioOEPNEl8gFtlLbEnqbAtdsWXWNeaVVdAm', 'Mahasiswa', '2025-05-05 00:59:43', '2025-05-05 00:59:43'),
(362, '220111180026', '$2y$10$oriOqZ1ucFjoWXHK9qAioOEPNEl8gFtlLbEnqbAtdsWXWNeaVVdAm', 'Mahasiswa', '2025-05-05 00:59:43', '2025-05-05 00:59:43'),
(363, '220111180059', '$2y$10$oriOqZ1ucFjoWXHK9qAioOEPNEl8gFtlLbEnqbAtdsWXWNeaVVdAm', 'Mahasiswa', '2025-05-05 00:59:43', '2025-05-05 00:59:43'),
(364, '220111180110', '$2y$10$oriOqZ1ucFjoWXHK9qAioOEPNEl8gFtlLbEnqbAtdsWXWNeaVVdAm', 'Mahasiswa', '2025-05-05 00:59:43', '2025-05-05 00:59:43'),
(365, '220111180114', '$2y$10$oriOqZ1ucFjoWXHK9qAioOEPNEl8gFtlLbEnqbAtdsWXWNeaVVdAm', 'Mahasiswa', '2025-05-05 00:59:43', '2025-05-05 00:59:43'),
(366, '220111180019', '$2y$10$oriOqZ1ucFjoWXHK9qAioOEPNEl8gFtlLbEnqbAtdsWXWNeaVVdAm', 'Mahasiswa', '2025-05-05 00:59:43', '2025-05-05 00:59:43'),
(367, '220111180031', '$2y$10$oriOqZ1ucFjoWXHK9qAioOEPNEl8gFtlLbEnqbAtdsWXWNeaVVdAm', 'Mahasiswa', '2025-05-05 00:59:43', '2025-05-05 00:59:43'),
(368, '220111180004', '$2y$10$oriOqZ1ucFjoWXHK9qAioOEPNEl8gFtlLbEnqbAtdsWXWNeaVVdAm', 'Mahasiswa', '2025-05-05 00:59:43', '2025-05-05 00:59:43'),
(369, '220221180026', '$2y$10$oriOqZ1ucFjoWXHK9qAioOEPNEl8gFtlLbEnqbAtdsWXWNeaVVdAm', 'Mahasiswa', '2025-05-05 00:59:43', '2025-05-05 00:59:43'),
(370, '220221180010', '$2y$10$oriOqZ1ucFjoWXHK9qAioOEPNEl8gFtlLbEnqbAtdsWXWNeaVVdAm', 'Mahasiswa', '2025-05-05 00:59:43', '2025-05-05 00:59:43'),
(371, '220221180029', '$2y$10$oriOqZ1ucFjoWXHK9qAioOEPNEl8gFtlLbEnqbAtdsWXWNeaVVdAm', 'Mahasiswa', '2025-05-05 00:59:43', '2025-05-05 00:59:43'),
(372, '220221180009', '$2y$10$oriOqZ1ucFjoWXHK9qAioOEPNEl8gFtlLbEnqbAtdsWXWNeaVVdAm', 'Mahasiswa', '2025-05-05 00:59:43', '2025-05-05 00:59:43'),
(373, '220221180058', '$2y$10$oriOqZ1ucFjoWXHK9qAioOEPNEl8gFtlLbEnqbAtdsWXWNeaVVdAm', 'Mahasiswa', '2025-05-05 00:59:43', '2025-05-05 00:59:43'),
(374, '220221180014', '$2y$10$oriOqZ1ucFjoWXHK9qAioOEPNEl8gFtlLbEnqbAtdsWXWNeaVVdAm', 'Mahasiswa', '2025-05-05 00:59:43', '2025-05-05 00:59:43'),
(375, '220221180043', '$2y$10$oriOqZ1ucFjoWXHK9qAioOEPNEl8gFtlLbEnqbAtdsWXWNeaVVdAm', 'Mahasiswa', '2025-05-05 00:59:43', '2025-05-05 00:59:43'),
(376, '220221180022', '$2y$10$oriOqZ1ucFjoWXHK9qAioOEPNEl8gFtlLbEnqbAtdsWXWNeaVVdAm', 'Mahasiswa', '2025-05-05 00:59:43', '2025-05-05 00:59:43'),
(377, '220221180017', '$2y$10$oriOqZ1ucFjoWXHK9qAioOEPNEl8gFtlLbEnqbAtdsWXWNeaVVdAm', 'Mahasiswa', '2025-05-05 00:59:43', '2025-05-05 00:59:43'),
(378, '220221180033', '$2y$10$oriOqZ1ucFjoWXHK9qAioOEPNEl8gFtlLbEnqbAtdsWXWNeaVVdAm', 'Mahasiswa', '2025-05-05 00:59:43', '2025-05-05 00:59:43'),
(379, '220221180002', '$2y$10$oriOqZ1ucFjoWXHK9qAioOEPNEl8gFtlLbEnqbAtdsWXWNeaVVdAm', 'Mahasiswa', '2025-05-05 00:59:43', '2025-05-05 00:59:43'),
(380, '220221180025', '$2y$10$oriOqZ1ucFjoWXHK9qAioOEPNEl8gFtlLbEnqbAtdsWXWNeaVVdAm', 'Mahasiswa', '2025-05-05 00:59:43', '2025-05-05 00:59:43'),
(381, '220221180027', '$2y$10$oriOqZ1ucFjoWXHK9qAioOEPNEl8gFtlLbEnqbAtdsWXWNeaVVdAm', 'Mahasiswa', '2025-05-05 00:59:43', '2025-05-05 00:59:43'),
(382, '220221180047', '$2y$10$oriOqZ1ucFjoWXHK9qAioOEPNEl8gFtlLbEnqbAtdsWXWNeaVVdAm', 'Mahasiswa', '2025-05-05 00:59:43', '2025-05-05 00:59:43'),
(383, '220221180038', '$2y$10$oriOqZ1ucFjoWXHK9qAioOEPNEl8gFtlLbEnqbAtdsWXWNeaVVdAm', 'Mahasiswa', '2025-05-05 00:59:43', '2025-05-05 00:59:43'),
(384, '220221180003', '$2y$10$oriOqZ1ucFjoWXHK9qAioOEPNEl8gFtlLbEnqbAtdsWXWNeaVVdAm', 'Mahasiswa', '2025-05-05 00:59:43', '2025-05-05 00:59:43'),
(385, '220221180049', '$2y$10$oriOqZ1ucFjoWXHK9qAioOEPNEl8gFtlLbEnqbAtdsWXWNeaVVdAm', 'Mahasiswa', '2025-05-05 00:59:43', '2025-05-05 00:59:43'),
(386, '220221180004', '$2y$10$oriOqZ1ucFjoWXHK9qAioOEPNEl8gFtlLbEnqbAtdsWXWNeaVVdAm', 'Mahasiswa', '2025-05-05 00:59:43', '2025-05-05 00:59:43'),
(387, '220221180055', '$2y$10$oriOqZ1ucFjoWXHK9qAioOEPNEl8gFtlLbEnqbAtdsWXWNeaVVdAm', 'Mahasiswa', '2025-05-05 00:59:43', '2025-05-05 00:59:43'),
(388, '220221180051', '$2y$10$oriOqZ1ucFjoWXHK9qAioOEPNEl8gFtlLbEnqbAtdsWXWNeaVVdAm', 'Mahasiswa', '2025-05-05 00:59:43', '2025-05-05 00:59:43'),
(389, '220221180052', '$2y$10$oriOqZ1ucFjoWXHK9qAioOEPNEl8gFtlLbEnqbAtdsWXWNeaVVdAm', 'Mahasiswa', '2025-05-05 00:59:43', '2025-05-05 00:59:43'),
(390, '220221180050', '$2y$10$oriOqZ1ucFjoWXHK9qAioOEPNEl8gFtlLbEnqbAtdsWXWNeaVVdAm', 'Mahasiswa', '2025-05-05 00:59:43', '2025-05-05 00:59:43'),
(391, '220221180034', '$2y$10$oriOqZ1ucFjoWXHK9qAioOEPNEl8gFtlLbEnqbAtdsWXWNeaVVdAm', 'Mahasiswa', '2025-05-05 00:59:43', '2025-05-05 00:59:43'),
(392, '220221180041', '$2y$10$oriOqZ1ucFjoWXHK9qAioOEPNEl8gFtlLbEnqbAtdsWXWNeaVVdAm', 'Mahasiswa', '2025-05-05 00:59:43', '2025-05-05 00:59:43'),
(393, '220221180060', '$2y$10$oriOqZ1ucFjoWXHK9qAioOEPNEl8gFtlLbEnqbAtdsWXWNeaVVdAm', 'Mahasiswa', '2025-05-05 00:59:43', '2025-05-05 00:59:43'),
(394, '220221180023', '$2y$10$oriOqZ1ucFjoWXHK9qAioOEPNEl8gFtlLbEnqbAtdsWXWNeaVVdAm', 'Mahasiswa', '2025-05-05 00:59:43', '2025-05-05 00:59:43'),
(395, '220221180016', '$2y$10$oriOqZ1ucFjoWXHK9qAioOEPNEl8gFtlLbEnqbAtdsWXWNeaVVdAm', 'Mahasiswa', '2025-05-05 00:59:43', '2025-05-05 00:59:43'),
(396, '220221180046', '$2y$10$oriOqZ1ucFjoWXHK9qAioOEPNEl8gFtlLbEnqbAtdsWXWNeaVVdAm', 'Mahasiswa', '2025-05-05 00:59:43', '2025-05-05 00:59:43'),
(397, '220221180045', '$2y$10$oriOqZ1ucFjoWXHK9qAioOEPNEl8gFtlLbEnqbAtdsWXWNeaVVdAm', 'Mahasiswa', '2025-05-05 00:59:43', '2025-05-05 00:59:43'),
(398, '220221180006', '$2y$10$oriOqZ1ucFjoWXHK9qAioOEPNEl8gFtlLbEnqbAtdsWXWNeaVVdAm', 'Mahasiswa', '2025-05-05 00:59:43', '2025-05-05 00:59:43'),
(399, '220221180007', '$2y$10$oriOqZ1ucFjoWXHK9qAioOEPNEl8gFtlLbEnqbAtdsWXWNeaVVdAm', 'Mahasiswa', '2025-05-05 00:59:43', '2025-05-05 00:59:43'),
(400, '220221180011', '$2y$10$oriOqZ1ucFjoWXHK9qAioOEPNEl8gFtlLbEnqbAtdsWXWNeaVVdAm', 'Mahasiswa', '2025-05-05 00:59:43', '2025-05-05 00:59:43'),
(401, '220221180059', '$2y$10$oriOqZ1ucFjoWXHK9qAioOEPNEl8gFtlLbEnqbAtdsWXWNeaVVdAm', 'Mahasiswa', '2025-05-05 00:59:43', '2025-05-05 00:59:43'),
(402, '220221180005', '$2y$10$oriOqZ1ucFjoWXHK9qAioOEPNEl8gFtlLbEnqbAtdsWXWNeaVVdAm', 'Mahasiswa', '2025-05-05 00:59:43', '2025-05-05 00:59:43'),
(403, '220221180020', '$2y$10$oriOqZ1ucFjoWXHK9qAioOEPNEl8gFtlLbEnqbAtdsWXWNeaVVdAm', 'Mahasiswa', '2025-05-05 00:59:43', '2025-05-05 00:59:43'),
(404, '220221180021', '$2y$10$oriOqZ1ucFjoWXHK9qAioOEPNEl8gFtlLbEnqbAtdsWXWNeaVVdAm', 'Mahasiswa', '2025-05-05 00:59:43', '2025-05-05 00:59:43'),
(405, '220221180054', '$2y$10$oriOqZ1ucFjoWXHK9qAioOEPNEl8gFtlLbEnqbAtdsWXWNeaVVdAm', 'Mahasiswa', '2025-05-05 00:59:43', '2025-05-05 00:59:43'),
(406, '220221180031', '$2y$10$oriOqZ1ucFjoWXHK9qAioOEPNEl8gFtlLbEnqbAtdsWXWNeaVVdAm', 'Mahasiswa', '2025-05-05 00:59:43', '2025-05-05 00:59:43'),
(407, '220221180040', '$2y$10$oriOqZ1ucFjoWXHK9qAioOEPNEl8gFtlLbEnqbAtdsWXWNeaVVdAm', 'Mahasiswa', '2025-05-05 00:59:43', '2025-05-05 00:59:43'),
(408, '220221180013', '$2y$10$oriOqZ1ucFjoWXHK9qAioOEPNEl8gFtlLbEnqbAtdsWXWNeaVVdAm', 'Mahasiswa', '2025-05-05 00:59:43', '2025-05-05 00:59:43'),
(409, '220221180032', '$2y$10$oriOqZ1ucFjoWXHK9qAioOEPNEl8gFtlLbEnqbAtdsWXWNeaVVdAm', 'Mahasiswa', '2025-05-05 00:59:43', '2025-05-05 00:59:43'),
(410, '220221180028', '$2y$10$oriOqZ1ucFjoWXHK9qAioOEPNEl8gFtlLbEnqbAtdsWXWNeaVVdAm', 'Mahasiswa', '2025-05-05 00:59:43', '2025-05-05 00:59:43'),
(411, '220221180018', '$2y$10$oriOqZ1ucFjoWXHK9qAioOEPNEl8gFtlLbEnqbAtdsWXWNeaVVdAm', 'Mahasiswa', '2025-05-05 00:59:43', '2025-05-05 00:59:43'),
(412, '220221180024', '$2y$10$oriOqZ1ucFjoWXHK9qAioOEPNEl8gFtlLbEnqbAtdsWXWNeaVVdAm', 'Mahasiswa', '2025-05-05 00:59:43', '2025-05-05 00:59:43'),
(413, '220221180030', '$2y$10$oriOqZ1ucFjoWXHK9qAioOEPNEl8gFtlLbEnqbAtdsWXWNeaVVdAm', 'Mahasiswa', '2025-05-05 00:59:43', '2025-05-05 00:59:43'),
(414, '220331180014', '$2y$10$oriOqZ1ucFjoWXHK9qAioOEPNEl8gFtlLbEnqbAtdsWXWNeaVVdAm', 'Mahasiswa', '2025-05-05 00:59:43', '2025-05-05 00:59:43'),
(415, '220331180009', '$2y$10$oriOqZ1ucFjoWXHK9qAioOEPNEl8gFtlLbEnqbAtdsWXWNeaVVdAm', 'Mahasiswa', '2025-05-05 00:59:43', '2025-05-05 00:59:43'),
(416, '220331180030', '$2y$10$oriOqZ1ucFjoWXHK9qAioOEPNEl8gFtlLbEnqbAtdsWXWNeaVVdAm', 'Mahasiswa', '2025-05-05 00:59:43', '2025-05-05 00:59:43'),
(417, '220331180032', '$2y$10$oriOqZ1ucFjoWXHK9qAioOEPNEl8gFtlLbEnqbAtdsWXWNeaVVdAm', 'Mahasiswa', '2025-05-05 00:59:43', '2025-05-05 00:59:43'),
(418, '220331180026', '$2y$10$oriOqZ1ucFjoWXHK9qAioOEPNEl8gFtlLbEnqbAtdsWXWNeaVVdAm', 'Mahasiswa', '2025-05-05 00:59:43', '2025-05-05 00:59:43'),
(419, '220331180025', '$2y$10$oriOqZ1ucFjoWXHK9qAioOEPNEl8gFtlLbEnqbAtdsWXWNeaVVdAm', 'Mahasiswa', '2025-05-05 00:59:43', '2025-05-05 00:59:43'),
(420, '220331180021', '$2y$10$oriOqZ1ucFjoWXHK9qAioOEPNEl8gFtlLbEnqbAtdsWXWNeaVVdAm', 'Mahasiswa', '2025-05-05 00:59:43', '2025-05-05 00:59:43'),
(421, '220331180003', '$2y$10$oriOqZ1ucFjoWXHK9qAioOEPNEl8gFtlLbEnqbAtdsWXWNeaVVdAm', 'Mahasiswa', '2025-05-05 00:59:43', '2025-05-05 00:59:43'),
(422, '220331180023', '$2y$10$oriOqZ1ucFjoWXHK9qAioOEPNEl8gFtlLbEnqbAtdsWXWNeaVVdAm', 'Mahasiswa', '2025-05-05 00:59:43', '2025-05-05 00:59:43'),
(423, '220331180011', '$2y$10$oriOqZ1ucFjoWXHK9qAioOEPNEl8gFtlLbEnqbAtdsWXWNeaVVdAm', 'Mahasiswa', '2025-05-05 00:59:43', '2025-05-05 00:59:43'),
(424, '220331180010', '$2y$10$oriOqZ1ucFjoWXHK9qAioOEPNEl8gFtlLbEnqbAtdsWXWNeaVVdAm', 'Mahasiswa', '2025-05-05 00:59:43', '2025-05-05 00:59:43'),
(425, '220331180024', '$2y$10$oriOqZ1ucFjoWXHK9qAioOEPNEl8gFtlLbEnqbAtdsWXWNeaVVdAm', 'Mahasiswa', '2025-05-05 00:59:43', '2025-05-05 00:59:43'),
(426, '220331180027', '$2y$10$oriOqZ1ucFjoWXHK9qAioOEPNEl8gFtlLbEnqbAtdsWXWNeaVVdAm', 'Mahasiswa', '2025-05-05 00:59:43', '2025-05-05 00:59:43'),
(427, '220331180017', '$2y$10$oriOqZ1ucFjoWXHK9qAioOEPNEl8gFtlLbEnqbAtdsWXWNeaVVdAm', 'Mahasiswa', '2025-05-05 00:59:43', '2025-05-05 00:59:43'),
(428, '220331180028', '$2y$10$oriOqZ1ucFjoWXHK9qAioOEPNEl8gFtlLbEnqbAtdsWXWNeaVVdAm', 'Mahasiswa', '2025-05-05 00:59:43', '2025-05-05 00:59:43'),
(429, '220331180002', '$2y$10$oriOqZ1ucFjoWXHK9qAioOEPNEl8gFtlLbEnqbAtdsWXWNeaVVdAm', 'Mahasiswa', '2025-05-05 00:59:43', '2025-05-05 00:59:43'),
(430, '220331180006', '$2y$10$oriOqZ1ucFjoWXHK9qAioOEPNEl8gFtlLbEnqbAtdsWXWNeaVVdAm', 'Mahasiswa', '2025-05-05 00:59:43', '2025-05-05 00:59:43'),
(431, '220331180007', '$2y$10$oriOqZ1ucFjoWXHK9qAioOEPNEl8gFtlLbEnqbAtdsWXWNeaVVdAm', 'Mahasiswa', '2025-05-05 00:59:43', '2025-05-05 00:59:43'),
(432, '220331180008', '$2y$10$oriOqZ1ucFjoWXHK9qAioOEPNEl8gFtlLbEnqbAtdsWXWNeaVVdAm', 'Mahasiswa', '2025-05-05 00:59:43', '2025-05-05 00:59:43'),
(433, '220331180013', '$2y$10$oriOqZ1ucFjoWXHK9qAioOEPNEl8gFtlLbEnqbAtdsWXWNeaVVdAm', 'Mahasiswa', '2025-05-05 00:59:43', '2025-05-05 00:59:43'),
(434, '220331180018', '$2y$10$oriOqZ1ucFjoWXHK9qAioOEPNEl8gFtlLbEnqbAtdsWXWNeaVVdAm', 'Mahasiswa', '2025-05-05 00:59:43', '2025-05-05 00:59:43'),
(435, '220331180020', '$2y$10$oriOqZ1ucFjoWXHK9qAioOEPNEl8gFtlLbEnqbAtdsWXWNeaVVdAm', 'Mahasiswa', '2025-05-05 00:59:43', '2025-05-05 00:59:43'),
(436, '220331180004', '$2y$10$oriOqZ1ucFjoWXHK9qAioOEPNEl8gFtlLbEnqbAtdsWXWNeaVVdAm', 'Mahasiswa', '2025-05-05 00:59:43', '2025-05-05 00:59:43'),
(437, '220331180029', '$2y$10$oriOqZ1ucFjoWXHK9qAioOEPNEl8gFtlLbEnqbAtdsWXWNeaVVdAm', 'Mahasiswa', '2025-05-05 00:59:43', '2025-05-05 00:59:43'),
(438, '220331180005', '$2y$10$oriOqZ1ucFjoWXHK9qAioOEPNEl8gFtlLbEnqbAtdsWXWNeaVVdAm', 'Mahasiswa', '2025-05-05 00:59:43', '2025-05-05 00:59:43'),
(439, '220331180016', '$2y$10$oriOqZ1ucFjoWXHK9qAioOEPNEl8gFtlLbEnqbAtdsWXWNeaVVdAm', 'Mahasiswa', '2025-05-05 00:59:43', '2025-05-05 00:59:43'),
(440, '220331180019', '$2y$10$oriOqZ1ucFjoWXHK9qAioOEPNEl8gFtlLbEnqbAtdsWXWNeaVVdAm', 'Mahasiswa', '2025-05-05 00:59:43', '2025-05-05 00:59:43'),
(441, '220331180022', '$2y$10$oriOqZ1ucFjoWXHK9qAioOEPNEl8gFtlLbEnqbAtdsWXWNeaVVdAm', 'Mahasiswa', '2025-05-05 00:59:43', '2025-05-05 00:59:43'),
(442, '220331180015', '$2y$10$oriOqZ1ucFjoWXHK9qAioOEPNEl8gFtlLbEnqbAtdsWXWNeaVVdAm', 'Mahasiswa', '2025-05-05 00:59:43', '2025-05-05 00:59:43'),
(443, '220444180007', '$2y$10$oriOqZ1ucFjoWXHK9qAioOEPNEl8gFtlLbEnqbAtdsWXWNeaVVdAm', 'Mahasiswa', '2025-05-05 00:59:43', '2025-05-05 00:59:43'),
(444, '220444180006', '$2y$10$oriOqZ1ucFjoWXHK9qAioOEPNEl8gFtlLbEnqbAtdsWXWNeaVVdAm', 'Mahasiswa', '2025-05-05 00:59:43', '2025-05-05 00:59:43'),
(445, '220444180022', '$2y$10$oriOqZ1ucFjoWXHK9qAioOEPNEl8gFtlLbEnqbAtdsWXWNeaVVdAm', 'Mahasiswa', '2025-05-05 00:59:43', '2025-05-05 00:59:43'),
(446, '220444180017', '$2y$10$oriOqZ1ucFjoWXHK9qAioOEPNEl8gFtlLbEnqbAtdsWXWNeaVVdAm', 'Mahasiswa', '2025-05-05 00:59:43', '2025-05-05 00:59:43'),
(447, '220444180005', '$2y$10$oriOqZ1ucFjoWXHK9qAioOEPNEl8gFtlLbEnqbAtdsWXWNeaVVdAm', 'Mahasiswa', '2025-05-05 00:59:43', '2025-05-05 00:59:43'),
(448, '220444180009', '$2y$10$oriOqZ1ucFjoWXHK9qAioOEPNEl8gFtlLbEnqbAtdsWXWNeaVVdAm', 'Mahasiswa', '2025-05-05 00:59:43', '2025-05-05 00:59:43'),
(449, '220444180003', '$2y$10$oriOqZ1ucFjoWXHK9qAioOEPNEl8gFtlLbEnqbAtdsWXWNeaVVdAm', 'Mahasiswa', '2025-05-05 00:59:43', '2025-05-05 00:59:43'),
(450, '220444180012', '$2y$10$oriOqZ1ucFjoWXHK9qAioOEPNEl8gFtlLbEnqbAtdsWXWNeaVVdAm', 'Mahasiswa', '2025-05-05 00:59:43', '2025-05-05 00:59:43'),
(451, '220444180020', '$2y$10$oriOqZ1ucFjoWXHK9qAioOEPNEl8gFtlLbEnqbAtdsWXWNeaVVdAm', 'Mahasiswa', '2025-05-05 00:59:43', '2025-05-05 00:59:43'),
(452, '220444180015', '$2y$10$oriOqZ1ucFjoWXHK9qAioOEPNEl8gFtlLbEnqbAtdsWXWNeaVVdAm', 'Mahasiswa', '2025-05-05 00:59:43', '2025-05-05 00:59:43'),
(453, '220444180021', '$2y$10$oriOqZ1ucFjoWXHK9qAioOEPNEl8gFtlLbEnqbAtdsWXWNeaVVdAm', 'Mahasiswa', '2025-05-05 00:59:43', '2025-05-05 00:59:43'),
(454, '220444180002', '$2y$10$oriOqZ1ucFjoWXHK9qAioOEPNEl8gFtlLbEnqbAtdsWXWNeaVVdAm', 'Mahasiswa', '2025-05-05 00:59:43', '2025-05-05 00:59:43'),
(455, '220444180029', '$2y$10$oriOqZ1ucFjoWXHK9qAioOEPNEl8gFtlLbEnqbAtdsWXWNeaVVdAm', 'Mahasiswa', '2025-05-05 00:59:43', '2025-05-05 00:59:43'),
(456, '220444180019', '$2y$10$oriOqZ1ucFjoWXHK9qAioOEPNEl8gFtlLbEnqbAtdsWXWNeaVVdAm', 'Mahasiswa', '2025-05-05 00:59:43', '2025-05-05 00:59:43'),
(457, '220444180010', '$2y$10$oriOqZ1ucFjoWXHK9qAioOEPNEl8gFtlLbEnqbAtdsWXWNeaVVdAm', 'Mahasiswa', '2025-05-05 00:59:43', '2025-05-05 00:59:43'),
(458, '220444180008', '$2y$10$oriOqZ1ucFjoWXHK9qAioOEPNEl8gFtlLbEnqbAtdsWXWNeaVVdAm', 'Mahasiswa', '2025-05-05 00:59:43', '2025-05-05 00:59:43'),
(459, '220444180004', '$2y$10$oriOqZ1ucFjoWXHK9qAioOEPNEl8gFtlLbEnqbAtdsWXWNeaVVdAm', 'Mahasiswa', '2025-05-05 00:59:43', '2025-05-05 00:59:43'),
(460, '220444180025', '$2y$10$oriOqZ1ucFjoWXHK9qAioOEPNEl8gFtlLbEnqbAtdsWXWNeaVVdAm', 'Mahasiswa', '2025-05-05 00:59:43', '2025-05-05 00:59:43'),
(461, '220444180013', '$2y$10$oriOqZ1ucFjoWXHK9qAioOEPNEl8gFtlLbEnqbAtdsWXWNeaVVdAm', 'Mahasiswa', '2025-05-05 00:59:43', '2025-05-05 00:59:43'),
(462, '220444180014', '$2y$10$oriOqZ1ucFjoWXHK9qAioOEPNEl8gFtlLbEnqbAtdsWXWNeaVVdAm', 'Mahasiswa', '2025-05-05 00:59:43', '2025-05-05 00:59:43'),
(463, '220444180016', '$2y$10$oriOqZ1ucFjoWXHK9qAioOEPNEl8gFtlLbEnqbAtdsWXWNeaVVdAm', 'Mahasiswa', '2025-05-05 00:59:43', '2025-05-05 00:59:43'),
(464, '20001', '$2y$10$7am0ZerpwqJXRdOIJknRWuDUHcremsXfb3yw/gkA88wI69K1WWUq6', 'Dosen', '2025-05-05 00:59:43', '2025-05-05 00:59:43'),
(465, '20002', '$2y$10$7am0ZerpwqJXRdOIJknRWuDUHcremsXfb3yw/gkA88wI69K1WWUq6', 'Dosen', '2025-05-05 00:59:43', '2025-05-06 01:26:40'),
(466, '20003', '$2y$10$7am0ZerpwqJXRdOIJknRWuDUHcremsXfb3yw/gkA88wI69K1WWUq6', 'Dosen', '2025-05-05 00:59:43', '2025-05-06 01:26:44'),
(467, '20004', '$2y$10$7am0ZerpwqJXRdOIJknRWuDUHcremsXfb3yw/gkA88wI69K1WWUq6', 'Dosen', '2025-05-05 00:59:43', '2025-05-06 01:26:18'),
(468, '20005', '$2y$10$7am0ZerpwqJXRdOIJknRWuDUHcremsXfb3yw/gkA88wI69K1WWUq6', 'Dosen', '2025-05-05 00:59:43', '2025-05-06 01:26:52'),
(469, '20006', '$2y$10$7am0ZerpwqJXRdOIJknRWuDUHcremsXfb3yw/gkA88wI69K1WWUq6', 'Dosen', '2025-05-05 00:59:43', '2025-05-06 01:26:56'),
(470, '20007', '$2y$10$7am0ZerpwqJXRdOIJknRWuDUHcremsXfb3yw/gkA88wI69K1WWUq6', 'Dosen', '2025-05-05 00:59:43', '2025-05-06 01:27:00'),
(471, '20008', '$2y$10$7am0ZerpwqJXRdOIJknRWuDUHcremsXfb3yw/gkA88wI69K1WWUq6', 'Dosen', '2025-05-05 00:59:43', '2025-05-06 01:27:04'),
(472, '20009', '$2y$10$7am0ZerpwqJXRdOIJknRWuDUHcremsXfb3yw/gkA88wI69K1WWUq6', 'Dosen', '2025-05-05 00:59:43', '2025-05-06 01:27:07'),
(473, '20010', '$2y$10$7am0ZerpwqJXRdOIJknRWuDUHcremsXfb3yw/gkA88wI69K1WWUq6', 'Dosen', '2025-05-05 00:59:43', '2025-05-06 01:27:14'),
(474, '20011', '$2y$10$7am0ZerpwqJXRdOIJknRWuDUHcremsXfb3yw/gkA88wI69K1WWUq6', 'Dosen', '2025-05-05 00:59:43', '2025-05-06 01:27:17'),
(475, '20012', '$2y$10$7am0ZerpwqJXRdOIJknRWuDUHcremsXfb3yw/gkA88wI69K1WWUq6', 'Dosen', '2025-05-05 00:59:43', '2025-05-06 01:27:20'),
(476, '20013', '$2y$10$7am0ZerpwqJXRdOIJknRWuDUHcremsXfb3yw/gkA88wI69K1WWUq6', 'Dosen', '2025-05-05 00:59:43', '2025-05-06 01:27:23'),
(477, '20014', '$2y$10$7am0ZerpwqJXRdOIJknRWuDUHcremsXfb3yw/gkA88wI69K1WWUq6', 'Dosen', '2025-05-05 00:59:43', '2025-05-06 01:27:25'),
(478, '20015', '$2y$10$7am0ZerpwqJXRdOIJknRWuDUHcremsXfb3yw/gkA88wI69K1WWUq6', 'Dosen', '2025-05-05 00:59:43', '2025-05-06 01:27:27'),
(479, '20016', '$2y$10$7am0ZerpwqJXRdOIJknRWuDUHcremsXfb3yw/gkA88wI69K1WWUq6', 'Dosen', '2025-05-05 00:59:43', '2025-05-06 01:27:30'),
(480, '20017', '$2y$10$GBwD5aA5JCbxM9JN8.q3WuOjl/lI9ax7oJOS41UD8c7nTBAuLT5pm', 'Dosen', '2025-06-19 17:25:41', '2025-06-19 17:32:27');

--
-- Indexes for dumped tables
--

--
-- Indexes for table `dosen`
--
ALTER TABLE `dosen`
  ADD PRIMARY KEY (`id`),
  ADD UNIQUE KEY `id_user` (`id_user`);

--
-- Indexes for table `kategori`
--
ALTER TABLE `kategori`
  ADD PRIMARY KEY (`id`);

--
-- Indexes for table `konsultasi`
--
ALTER TABLE `konsultasi`
  ADD PRIMARY KEY (`id`),
  ADD KEY `id_mahasiswa` (`id_mahasiswa`),
  ADD KEY `id_dosen` (`id_dosen`),
  ADD KEY `id_kategori` (`id_kategori`),
  ADD KEY `fk_konsultasi_updated_by` (`updated_by`);

--
-- Indexes for table `mahasiswa`
--
ALTER TABLE `mahasiswa`
  ADD PRIMARY KEY (`id`),
  ADD UNIQUE KEY `id_user` (`id_user`),
  ADD KEY `id_prodi` (`id_prodi`);

--
-- Indexes for table `prodi`
--
ALTER TABLE `prodi`
  ADD PRIMARY KEY (`id`);

--
-- Indexes for table `user`
--
ALTER TABLE `user`
  ADD PRIMARY KEY (`id`),
  ADD UNIQUE KEY `username` (`username`);

--
-- AUTO_INCREMENT for dumped tables
--

--
-- AUTO_INCREMENT for table `dosen`
--
ALTER TABLE `dosen`
  MODIFY `id` int NOT NULL AUTO_INCREMENT, AUTO_INCREMENT=20;

--
-- AUTO_INCREMENT for table `kategori`
--
ALTER TABLE `kategori`
  MODIFY `id` int NOT NULL AUTO_INCREMENT, AUTO_INCREMENT=13;

--
-- AUTO_INCREMENT for table `konsultasi`
--
ALTER TABLE `konsultasi`
  MODIFY `id` int NOT NULL AUTO_INCREMENT, AUTO_INCREMENT=15;

--
-- AUTO_INCREMENT for table `mahasiswa`
--
ALTER TABLE `mahasiswa`
  MODIFY `id` int NOT NULL AUTO_INCREMENT, AUTO_INCREMENT=466;

--
-- AUTO_INCREMENT for table `prodi`
--
ALTER TABLE `prodi`
  MODIFY `id` int NOT NULL AUTO_INCREMENT, AUTO_INCREMENT=22;

--
-- Constraints for dumped tables
--

--
-- Constraints for table `dosen`
--
ALTER TABLE `dosen`
  ADD CONSTRAINT `dosen_fk_user_1` FOREIGN KEY (`id_user`) REFERENCES `user` (`id`);

--
-- Constraints for table `konsultasi`
--
ALTER TABLE `konsultasi`
  ADD CONSTRAINT `konsultasi_fk_mahasiswa_1` FOREIGN KEY (`id_mahasiswa`) REFERENCES `mahasiswa` (`id`),
  ADD CONSTRAINT `konsultasi_fk_user_1` FOREIGN KEY (`updated_by`) REFERENCES `user` (`id`),
  ADD CONSTRAINT `konsultasi_ibfk_2` FOREIGN KEY (`id_dosen`) REFERENCES `dosen` (`id`) ON DELETE RESTRICT ON UPDATE CASCADE,
  ADD CONSTRAINT `konsultasi_ibfk_3` FOREIGN KEY (`id_kategori`) REFERENCES `kategori` (`id`) ON DELETE RESTRICT ON UPDATE CASCADE;

--
-- Constraints for table `mahasiswa`
--
ALTER TABLE `mahasiswa`
  ADD CONSTRAINT `mahasiswa_fk_prodi_1` FOREIGN KEY (`id_prodi`) REFERENCES `prodi` (`id`),
  ADD CONSTRAINT `mahasiswa_fk_user_1` FOREIGN KEY (`id_user`) REFERENCES `user` (`id`);
COMMIT;

/*!40101 SET CHARACTER_SET_CLIENT=@OLD_CHARACTER_SET_CLIENT */;
/*!40101 SET CHARACTER_SET_RESULTS=@OLD_CHARACTER_SET_RESULTS */;
/*!40101 SET COLLATION_CONNECTION=@OLD_COLLATION_CONNECTION */;
